age,bmi,heart_rate,spo2,body_temp,gsr_stress,activity_level,systolic_bp,ambient_lux,rfid_device_hash,kiosk_uptime_mins,elevated_risk
23,33.29,71.0,97.9,35.98,2.56,2,118.1,643.2,9405,576,0
65,25.49,55.5,96.9,36.04,4.38,2,114.0,467.7,2739,1290,0
58,28.69,61.9,98.4,36.77,5.12,4,139.6,313.3,5736,788,0
45,16.0,74.1,99.0,35.92,4.98,3,119.6,518.2,7148,877,0
44,20.79,64.4,97.1,36.44,4.16,4,115.5,282.6,8708,1124,0
71,25.27,61.8,96.3,36.66,4.17,2,102.8,488.0,9401,1029,0
23,21.22,81.6,98.8,36.75,4.08,3,97.7,181.5,6387,862,0
61,30.51,75.0,98.8,36.55,2.49,1,134.2,558.9,6185,808,1
30,37.19,73.6,99.0,36.47,8.37,2,133.3,270.8,4753,768,1
23,20.68,65.8,97.2,36.9,4.1,3,118.2,314.2,6109,261,0
50,22.45,62.2,97.3,36.7,5.57,4,101.9,499.1,7072,597,0
78,28.02,69.2,95.8,36.37,3.9,2,134.5,196.3,6819,1219,1
63,35.18,89.9,96.7,36.61,3.86,3,141.4,916.1,6330,57,1
65,20.44,76.8,98.8,36.73,3.68,3,105.1,452.2,4964,1192,0
62,28.09,77.2,95.8,37.2,1.71,3,125.9,367.1,2761,815,1
66,36.27,80.3,95.2,36.88,4.21,2,135.8,76.3,1487,504,1
49,18.21,53.7,96.8,37.03,3.77,5,111.5,808.9,4786,165,0
25,20.14,72.9,98.6,36.39,6.61,3,90.0,613.3,4568,1100,0
70,24.6,68.0,97.6,36.42,2.35,1,123.1,424.8,6471,2,1
45,24.09,71.1,98.2,36.52,3.46,2,113.9,271.0,9101,782,0
49,31.03,54.4,98.8,36.55,2.88,4,122.0,720.6,7313,234,0
40,28.06,51.0,96.1,36.25,7.1,3,112.6,900.9,8243,1309,0
29,17.57,65.1,99.4,37.04,2.94,3,102.6,392.7,6202,263,0
75,29.48,66.5,96.5,36.91,5.51,3,131.1,171.4,9345,1156,1
66,23.8,54.0,97.9,36.49,6.25,3,128.8,148.3,9454,827,1
57,33.43,75.8,95.9,36.82,4.24,3,124.9,55.7,2375,59,1
42,23.54,87.2,97.8,36.68,2.02,1,111.7,719.6,6752,1037,0
69,23.49,83.4,97.3,36.85,2.04,2,126.1,933.3,5553,1266,0
51,29.61,69.4,98.7,36.13,6.05,2,104.0,943.5,9747,319,0
45,30.77,73.0,96.1,36.55,2.23,1,126.7,755.8,6261,1394,1
45,29.13,75.5,97.8,36.58,5.21,3,120.7,196.0,1143,1149,0
32,18.03,72.1,97.1,36.82,4.71,3,108.8,929.9,2889,1068,0
23,29.6,62.5,98.9,36.38,5.18,3,123.0,345.0,2165,484,0
52,21.42,65.4,98.3,35.73,5.35,4,98.3,350.3,2808,173,0
73,28.02,76.7,98.2,36.22,2.82,2,110.0,668.6,1862,618,1
21,19.4,66.3,97.9,36.58,2.74,3,108.3,94.1,8037,1162,0
71,29.12,73.2,97.9,36.62,5.79,2,129.8,793.2,5446,845,1
69,22.61,69.1,98.4,37.19,3.37,3,126.3,947.6,7045,932,0
35,20.13,77.2,96.4,36.8,0.5,2,106.3,747.6,9998,1124,0
57,30.51,82.3,98.0,36.63,5.67,2,132.6,753.5,6824,488,1
28,28.06,67.3,99.2,36.59,2.63,4,123.4,401.3,5312,54,0
65,23.61,85.5,96.9,36.99,5.34,2,128.7,109.3,3402,1273,1
61,34.35,73.3,95.8,36.39,7.01,1,127.4,763.4,7789,883,1
39,24.51,81.1,98.9,36.55,4.53,2,94.3,587.4,5560,814,0
22,26.97,66.6,97.2,36.22,6.29,4,118.9,868.4,7811,825,0
78,28.2,101.2,96.6,37.1,4.78,2,143.9,154.4,1207,1228,1
45,23.58,59.2,97.7,36.74,7.36,2,123.3,324.6,2468,1108,0
73,29.25,69.1,97.6,36.35,2.59,2,121.8,374.6,2169,965,1
60,24.03,74.5,96.7,36.56,4.49,2,129.2,665.0,7131,1126,1
66,24.66,73.4,96.4,36.78,5.71,3,133.6,759.0,5663,416,1
65,33.89,92.4,97.1,36.51,4.16,1,146.7,914.9,3852,1025,1
30,21.39,60.5,99.2,36.41,6.57,2,101.3,315.9,3786,1404,0
40,16.0,70.9,100.0,36.37,3.72,3,107.5,494.3,6460,339,0
46,35.18,81.7,96.0,36.72,8.22,2,132.8,76.1,9690,822,1
48,40.06,79.8,97.5,36.47,8.32,2,130.0,277.7,9957,981,1
20,24.69,57.6,97.4,36.44,5.01,2,97.7,386.6,5242,744,0
51,16.73,76.8,98.6,36.13,5.49,3,118.3,584.4,7033,1395,0
27,25.19,72.3,97.4,36.63,6.65,4,117.5,473.8,1751,581,0
64,25.31,76.9,96.5,36.54,2.36,2,125.6,378.0,9508,314,1
60,25.81,73.3,96.7,36.49,2.14,2,125.9,611.7,1160,197,0
75,21.01,74.3,96.8,36.67,6.76,2,123.0,795.8,4079,1223,1
64,29.81,74.8,97.5,36.86,4.99,1,142.7,267.5,7526,988,1
40,29.53,74.9,98.4,36.85,4.09,2,110.3,358.6,9726,832,0
77,19.03,70.4,96.8,36.79,4.52,3,119.0,684.4,2543,620,0
43,30.44,63.7,96.5,36.52,0.5,2,121.1,750.1,6948,590,0
38,37.47,65.5,98.3,36.4,4.16,1,132.9,792.9,2690,1345,1
74,27.69,70.3,96.8,36.23,3.14,1,114.9,238.4,1452,980,1
40,25.05,68.2,99.1,36.39,6.15,3,103.0,535.3,4813,1389,0
22,26.06,63.8,97.7,36.61,6.29,3,90.2,860.0,6189,1154,0
47,30.0,70.7,96.1,36.32,5.54,3,122.4,402.8,3376,1105,0
67,17.8,72.3,97.1,36.63,5.21,3,109.3,436.9,9756,797,0
29,27.65,60.5,99.5,36.26,1.8,3,110.3,936.3,6548,349,0
46,24.77,77.0,97.9,36.02,5.56,4,124.7,151.7,4944,941,0
26,36.41,65.6,97.8,36.89,5.63,3,112.8,685.0,5370,1031,0
60,25.89,70.2,96.4,36.43,6.74,1,126.0,815.2,5177,752,1
47,35.47,78.5,99.2,36.31,8.31,1,122.9,185.7,2002,30,1
38,21.06,50.2,96.9,36.22,1.45,3,119.4,693.0,6456,1382,0
32,29.85,62.3,97.4,36.75,3.8,2,121.4,472.8,8061,1190,0
52,28.46,81.1,98.1,37.08,3.16,1,115.8,817.6,4790,507,1
59,22.28,56.5,95.5,36.46,4.81,2,119.2,866.7,4832,711,0
76,27.72,85.6,98.1,36.52,4.52,1,141.0,835.2,9193,178,1
45,33.11,83.7,98.2,36.98,4.08,2,127.5,107.9,6496,1348,1
27,25.12,61.5,99.2,35.97,6.35,3,97.7,731.2,3680,332,0
69,18.0,71.0,97.6,37.29,2.52,3,127.9,879.4,1035,544,0
57,26.71,80.4,97.2,37.46,2.63,2,112.4,609.2,8408,617,1
61,22.11,62.9,96.2,35.65,2.66,4,135.6,590.8,6636,379,0
24,25.02,70.9,98.2,36.57,3.85,3,120.8,90.5,6634,914,0
37,26.38,63.0,97.0,36.35,2.29,2,118.9,820.4,3545,1432,0
65,17.93,66.2,97.6,36.51,4.41,2,121.5,91.8,2675,1231,0
69,18.4,64.4,97.8,36.45,4.2,2,119.5,332.2,5448,764,0
44,29.31,71.0,99.3,36.88,3.08,3,127.3,883.3,7819,189,0
67,24.08,77.4,97.5,36.56,6.07,4,121.2,904.8,3679,1243,0
70,16.0,68.7,97.9,36.28,4.39,2,122.7,942.7,5742,370,0
42,30.88,58.3,97.5,36.54,6.41,3,129.6,478.8,9965,1312,1
73,28.22,65.7,96.4,36.78,4.15,2,124.3,209.7,2974,570,1
35,23.09,72.2,98.5,36.19,4.46,1,106.8,489.2,3077,747,0
32,19.95,76.4,97.8,36.02,3.49,4,97.8,142.1,3123,629,0
60,31.15,74.4,97.5,37.3,4.49,3,116.8,835.3,9214,656,1
57,28.62,70.9,96.3,36.38,5.78,1,106.3,554.5,5758,238,1
26,39.19,76.7,97.0,36.55,3.76,2,128.4,414.1,9260,796,1
69,28.98,74.0,97.7,36.46,5.43,1,147.1,121.6,9528,580,1
30,28.82,65.0,99.1,36.79,3.04,2,129.5,414.7,4788,1220,0
67,25.93,63.1,96.1,37.22,5.87,3,109.9,829.6,1494,687,1
18,31.05,78.2,99.2,36.8,3.46,2,119.9,683.1,3735,1389,0
67,30.05,55.7,96.6,36.07,6.03,1,143.3,124.2,5893,427,1
66,33.31,81.2,97.0,36.12,4.61,2,126.4,193.9,4428,473,1
66,24.09,68.3,98.5,36.46,7.24,2,125.6,403.1,1020,53,1
59,24.54,67.8,98.1,36.51,2.42,2,102.3,141.2,9903,1063,0
47,24.31,80.8,98.5,36.0,1.84,3,120.7,890.6,3728,106,0
61,30.91,69.6,99.1,36.89,3.39,1,117.0,637.1,6568,411,1
35,34.59,65.1,97.1,36.22,2.01,2,123.1,135.3,9519,1311,1
66,24.41,71.1,96.1,37.12,2.01,2,109.2,759.3,5902,880,0
52,24.59,71.4,96.8,37.24,5.62,3,125.4,381.6,7249,805,0
46,28.43,64.8,97.5,36.51,4.49,3,130.8,270.4,1323,1159,0
49,25.52,57.3,95.3,36.75,3.64,2,111.8,563.0,7270,1111,0
53,31.75,63.4,97.2,36.17,3.8,3,114.0,62.0,8629,1276,0
20,16.0,71.0,98.0,36.82,3.42,3,90.0,468.9,9263,958,0
26,22.5,62.1,99.1,36.43,7.47,4,106.8,809.4,1754,646,0
33,22.73,70.3,98.5,36.22,3.18,2,106.2,885.3,3055,189,0
25,16.0,57.4,97.7,36.5,2.12,4,90.0,358.3,1422,533,0
45,21.79,62.9,98.3,36.44,5.93,2,120.1,628.2,9260,1015,0
59,22.04,79.8,98.1,36.49,4.11,4,116.2,254.1,3473,365,0
58,25.75,67.8,96.6,36.93,8.17,3,112.2,554.2,5782,966,0
47,32.59,70.2,97.1,36.33,3.55,1,118.3,278.6,5281,192,1
71,25.53,82.0,94.7,37.21,6.02,2,138.0,564.2,7198,87,1
53,21.44,61.5,96.4,36.14,6.45,3,124.2,204.5,9056,526,0
22,26.5,57.4,97.7,37.17,3.56,4,109.6,897.1,3913,331,0
65,32.26,74.4,97.1,36.24,3.16,2,136.1,848.2,8109,1255,1
53,21.73,69.4,96.6,36.6,5.83,2,106.7,353.2,3618,545,0
57,22.07,70.1,96.9,36.43,5.53,3,120.3,749.0,2778,603,0
53,29.7,88.5,96.3,36.48,1.96,2,125.4,136.0,1956,581,1
52,25.65,75.1,97.7,36.88,2.47,1,116.1,716.3,4348,457,0
23,30.17,50.0,98.8,37.12,0.5,2,118.1,304.2,6043,1321,0
52,26.73,73.3,97.9,37.02,5.57,2,113.7,172.1,8021,1064,1
67,30.45,72.4,97.1,36.46,4.03,3,134.5,660.4,8634,229,1
36,21.42,63.1,96.5,36.66,4.21,4,117.7,472.8,5743,311,0
55,26.74,71.1,96.8,36.33,1.46,3,93.4,527.1,4680,117,0
19,25.7,63.2,98.1,36.25,2.52,3,121.1,518.5,2570,369,0
39,20.48,64.5,97.5,36.2,3.64,3,90.0,103.5,9225,945,0
45,18.67,72.2,97.8,36.45,3.29,2,107.3,96.2,4564,1347,0
78,30.37,73.4,98.2,36.69,4.71,1,143.4,591.1,7881,694,1
31,24.98,59.5,99.0,35.93,5.55,2,109.8,611.5,6632,118,0
35,21.48,90.8,97.1,36.58,8.59,2,97.2,92.5,9382,69,0
43,26.3,61.5,98.5,37.13,4.46,3,107.1,390.6,9758,597,0
79,32.67,77.4,97.2,36.99,6.51,2,145.4,601.6,7360,381,1
70,16.0,56.2,96.2,36.4,3.01,3,101.1,641.0,6955,830,0
20,19.02,60.5,99.3,36.11,1.49,4,116.2,795.4,2235,171,0
32,22.0,56.8,98.0,36.76,3.87,3,110.6,428.7,1145,332,0
68,34.4,71.9,95.4,35.79,1.62,2,120.6,543.4,5913,800,1
21,28.27,72.9,98.9,36.99,4.53,3,105.9,570.7,7344,405,0
71,30.79,78.6,97.1,36.53,3.1,2,120.8,330.8,7714,525,1
35,20.87,71.0,97.8,37.24,0.98,2,120.1,98.4,3257,320,0
74,20.98,58.1,96.8,36.0,7.62,2,132.5,53.8,5528,75,0
36,29.13,81.7,97.3,36.92,3.53,3,100.4,802.5,8758,497,1
44,27.1,60.1,98.4,36.56,1.55,2,114.9,230.2,1861,475,0
59,29.65,84.9,97.3,36.48,6.12,2,117.4,617.2,4454,1293,1
25,25.82,74.6,98.5,36.12,3.19,2,124.4,569.3,9499,1285,0
52,28.25,75.8,97.9,36.81,6.46,2,109.1,409.7,2796,622,0
49,27.62,65.7,96.5,36.84,3.18,1,137.1,800.1,3849,415,1
66,30.84,73.3,96.2,37.22,3.53,3,129.0,678.6,5211,602,1
79,31.0,72.3,94.5,36.95,5.12,2,122.3,70.5,7194,875,1
59,18.38,67.5,97.9,36.39,5.57,3,111.3,749.0,3296,557,0
43,16.0,60.2,96.6,36.25,5.88,4,102.8,506.3,8129,1089,0
43,32.01,54.6,97.8,36.12,4.34,2,109.3,362.3,3122,1388,0
43,32.98,74.2,98.0,37.12,5.45,5,123.7,704.2,4313,581,0
68,21.49,70.9,97.7,36.33,5.84,2,111.2,667.5,6158,169,0
37,17.13,59.7,96.8,37.12,4.86,3,90.0,329.5,1108,174,0
28,27.31,62.8,98.2,36.78,4.24,2,109.7,934.7,7905,1255,0
38,31.64,71.0,99.5,36.72,1.9,3,102.0,633.8,7018,599,0
19,36.15,59.4,99.9,36.49,5.58,3,109.0,595.2,8513,471,0
24,29.48,50.0,99.4,36.83,4.58,3,104.5,112.9,3473,892,0
23,24.87,65.1,98.7,36.59,3.76,4,101.3,301.4,4578,1377,0
65,22.16,75.4,96.1,36.47,6.8,2,142.9,452.3,9086,612,1
62,26.86,70.7,98.0,36.84,1.93,2,125.7,617.6,1601,454,0
61,25.24,64.4,97.1,36.55,7.46,1,126.1,511.5,5420,1242,1
46,21.52,67.0,98.3,36.32,4.46,3,98.0,736.7,5355,120,0
62,37.45,63.7,96.2,36.81,5.07,2,126.0,286.3,5026,1215,1
27,36.08,61.6,97.8,36.58,3.79,2,121.5,681.9,4903,749,0
73,32.71,71.7,96.9,36.77,1.5,1,122.8,784.9,7724,30,1
49,22.01,69.6,97.9,36.44,4.25,5,126.2,738.5,2772,328,0
76,31.25,74.8,97.3,36.18,5.1,1,121.0,743.8,9019,978,1
27,30.13,66.4,97.7,37.21,5.72,1,112.3,849.7,9064,1084,0
48,29.1,86.5,96.3,37.14,4.14,2,115.9,125.8,2614,282,1
61,33.3,76.9,98.7,36.91,0.55,2,130.9,677.5,9766,946,1
48,30.1,71.8,100.0,36.46,1.73,3,116.1,921.8,3358,1424,0
45,30.65,65.9,98.2,36.49,8.19,3,119.1,566.3,1465,988,0
28,30.11,61.4,96.9,37.08,2.53,3,113.1,245.6,4582,1011,0
41,28.57,52.1,97.1,36.48,7.07,2,111.6,948.9,8160,279,0
32,17.53,70.7,98.6,36.38,2.82,3,112.9,207.2,8600,918,0
36,27.23,72.1,99.4,37.26,4.17,2,118.6,352.0,6810,1020,0
60,23.91,69.6,96.1,36.58,5.63,2,121.4,204.9,8299,160,1
57,20.14,68.4,97.3,37.22,3.02,2,114.3,468.1,3352,449,0
55,35.55,81.7,97.4,36.11,7.37,1,136.7,427.0,8910,1271,1
40,35.79,57.2,98.5,36.78,4.64,3,121.3,492.1,6715,1438,1
77,33.87,71.9,96.3,37.32,5.33,2,132.2,885.2,2202,250,1
23,28.13,53.7,96.8,36.61,4.02,4,113.4,480.5,2157,1054,0
39,33.82,85.1,98.4,36.51,5.69,2,138.9,513.2,3405,722,0
25,26.86,71.7,99.5,36.19,7.34,3,98.8,848.0,1624,850,0
39,27.85,53.5,97.8,36.98,4.26,1,125.4,786.0,3544,736,0
77,21.11,58.7,97.2,36.33,7.61,3,107.4,265.7,9940,1248,0
40,28.86,66.5,97.4,36.57,3.4,3,121.0,61.6,3160,641,0
74,27.11,70.4,96.0,36.17,5.88,2,145.2,616.5,6726,849,1
48,20.03,55.5,98.7,37.14,5.38,3,120.3,810.4,9796,964,0
61,26.53,89.6,97.7,37.0,2.58,1,126.2,547.6,3278,796,1
46,26.39,74.2,98.2,36.59,4.88,1,113.6,240.1,7264,1266,0
34,36.15,74.6,99.3,36.2,4.51,2,122.1,717.2,5049,342,1
65,31.45,68.5,96.0,37.14,2.96,2,126.8,652.6,3567,1365,1
78,26.86,80.4,96.2,36.47,5.14,2,122.8,558.5,9549,976,1
34,28.09,67.4,98.2,36.21,4.76,1,113.3,827.0,6909,1382,0
66,27.03,72.6,96.6,35.98,4.37,1,128.6,755.8,4948,540,1
34,25.74,72.6,98.9,36.37,4.38,2,106.8,651.2,8308,690,0
62,21.17,57.5,97.1,36.09,4.34,2,113.1,648.3,9103,62,0
66,26.01,87.4,96.1,36.38,3.84,1,112.3,646.0,8032,1330,1
45,22.92,72.0,97.8,36.86,4.75,1,120.3,522.6,8818,1175,0
63,20.3,80.7,97.4,36.47,3.34,2,126.3,467.5,3897,427,0
34,29.46,58.2,99.0,36.72,9.28,3,119.4,688.6,4097,75,0
22,28.83,59.5,98.8,36.35,1.96,2,122.1,599.4,3093,1003,0
23,17.51,52.3,98.9,36.62,3.45,3,105.8,491.0,7263,968,0
45,26.16,69.5,98.1,37.27,3.59,3,122.6,164.0,8227,760,0
73,31.98,78.0,96.6,36.48,8.17,1,135.6,681.7,6943,226,1
25,32.31,64.6,97.5,36.73,2.12,2,115.1,631.4,6392,1322,0
46,32.13,61.3,97.9,36.05,5.27,3,117.9,358.0,7940,623,1
61,27.0,62.0,96.9,37.13,4.95,2,147.0,370.7,2632,1043,1
30,22.41,65.7,99.9,36.43,5.1,2,106.3,272.1,4292,1237,0
62,21.16,64.8,98.6,36.97,6.73,3,114.5,915.7,7362,790,1
36,28.59,63.4,98.7,36.56,6.69,2,121.6,824.2,1470,136,0
68,28.77,84.1,97.4,36.81,3.69,3,131.1,554.9,9197,1278,1
53,33.49,72.2,97.2,36.83,4.85,2,112.5,411.5,2539,961,1
51,32.52,82.5,96.2,36.44,1.14,2,136.4,713.1,8082,1288,1
28,26.11,60.7,98.0,36.98,4.68,3,111.7,525.0,6548,882,0
46,20.33,67.9,97.8,36.33,3.07,3,103.8,928.3,8627,1306,0
71,25.14,70.6,97.2,36.87,4.16,3,138.9,99.6,7975,1249,1
19,27.93,52.5,99.0,36.46,1.47,2,117.1,80.9,5642,311,0
65,25.75,83.8,98.1,36.72,5.23,2,112.7,561.7,7803,249,1
48,23.79,68.2,97.0,36.44,1.45,2,135.8,233.0,4118,231,0
62,28.12,76.6,96.6,36.62,4.77,3,132.6,593.9,6252,1151,1
59,24.18,67.0,98.8,36.22,2.29,1,122.1,753.3,9234,346,0
44,23.53,65.2,98.6,36.69,2.97,3,132.4,174.3,1762,648,0
37,28.42,60.0,97.6,36.62,6.58,3,119.0,446.5,4201,1134,0
56,24.71,82.6,97.3,36.41,5.56,1,121.2,669.8,1155,617,1
26,28.07,65.7,98.2,36.58,6.57,4,106.7,800.5,5807,90,0
54,28.22,70.4,97.5,36.65,7.31,4,129.1,496.7,8038,521,0
23,20.87,71.5,98.9,36.38,3.11,4,112.0,235.5,1346,137,0
58,24.3,78.1,99.9,36.55,7.2,3,122.1,577.2,5943,555,0
56,34.28,79.7,97.4,36.25,1.86,2,120.3,459.1,4736,1061,1
23,20.76,53.2,99.1,37.42,5.84,2,108.5,744.7,8043,749,0
64,16.0,65.7,95.5,36.97,3.61,1,117.5,550.0,2980,972,0
43,17.12,56.5,97.3,36.7,2.83,3,98.3,301.5,2464,154,0
66,26.95,78.7,98.3,37.01,5.61,2,111.8,729.0,1852,1080,1
20,26.96,67.4,98.9,35.91,6.2,2,116.1,516.0,4666,612,0
29,26.19,54.0,93.8,35.7,6.15,3,90.0,209.8,5387,413,0
48,33.11,68.5,98.2,36.46,4.89,3,126.6,556.8,9271,939,1
29,16.0,52.1,100.0,36.12,4.74,2,101.2,903.5,5192,195,0
38,28.86,68.8,96.0,36.52,5.45,2,131.2,685.0,2544,717,1
58,34.92,58.8,98.6,36.67,5.05,3,124.4,318.9,7290,608,1
26,20.94,69.3,95.5,36.92,5.47,2,114.9,689.8,1553,239,0
60,24.83,72.4,98.2,36.2,4.87,3,119.0,304.3,4107,1371,0
24,22.88,78.6,98.4,36.74,6.02,3,110.2,538.4,6880,523,0
28,22.15,70.5,95.9,36.61,1.57,3,117.3,523.9,3285,59,0
54,25.1,65.1,97.9,36.72,4.26,3,116.4,272.7,6350,638,0
67,34.22,81.8,98.0,36.42,2.01,2,142.0,363.1,5079,1392,1
28,36.35,56.8,98.3,37.08,5.0,3,109.9,898.0,9567,963,0
36,25.05,60.1,98.6,36.56,7.46,2,117.7,275.5,3586,917,0
75,36.71,79.8,96.1,37.22,3.65,2,145.8,770.9,9157,1297,1
79,26.98,59.6,94.9,36.32,4.73,1,137.7,650.6,6632,121,1
54,35.92,73.5,97.9,36.86,5.86,2,147.8,529.4,7744,792,1
45,26.31,59.4,99.5,36.58,0.78,3,111.1,173.8,2518,462,0
39,27.48,67.8,99.1,36.49,3.56,3,103.7,234.1,1172,974,0
55,28.7,63.1,95.5,36.82,5.16,2,114.0,211.1,7576,1228,1
54,43.33,81.4,95.3,36.5,0.5,1,140.4,578.1,5323,112,1
36,31.23,71.8,97.1,35.67,2.74,1,124.0,926.0,3779,228,1
19,23.12,71.9,96.9,35.53,6.48,4,108.5,839.5,9064,1374,0
27,31.84,66.6,98.2,37.05,6.31,3,105.1,72.7,3938,708,1
77,24.92,65.8,97.2,37.03,5.17,3,136.7,296.4,4902,454,1
43,24.25,64.7,96.4,37.26,6.09,3,104.4,191.5,7517,220,0
47,31.52,62.7,98.4,36.59,4.89,1,134.7,928.1,9658,510,1
46,26.96,71.1,98.3,36.15,5.5,3,148.1,262.0,9089,8,1
66,28.25,78.0,96.6,36.45,3.93,2,131.1,231.2,6871,321,1
22,26.87,84.0,98.3,36.6,4.71,3,116.9,608.8,1993,264,0
23,28.55,61.9,96.5,36.25,3.36,2,107.7,550.6,1985,122,0
35,29.01,62.7,97.7,37.18,6.77,4,99.1,253.3,7235,1395,0
48,16.73,62.5,97.7,37.38,7.24,2,107.1,653.3,5582,1137,0
59,30.27,74.5,97.5,36.77,6.98,2,115.5,137.3,2197,1354,1
48,21.69,69.7,98.0,36.6,3.77,3,102.1,67.4,7259,347,0
45,19.3,67.0,98.0,36.15,2.78,2,131.1,124.2,9479,416,0
76,26.5,82.9,96.6,37.14,6.8,2,132.5,378.4,1588,407,1
27,27.24,58.2,98.6,36.63,5.48,4,116.9,927.5,8430,804,0
53,23.19,77.7,98.5,36.5,5.09,2,116.3,542.5,4101,262,0
51,31.12,76.2,97.4,36.77,3.36,2,122.5,729.3,4579,339,0
47,19.82,69.8,98.0,36.4,5.27,1,124.6,339.3,7453,1403,0
68,24.68,70.0,96.9,36.65,2.55,2,125.4,697.4,3221,507,1
34,23.76,86.5,97.4,36.1,5.64,2,118.4,919.6,2413,1124,0
77,26.56,69.9,97.3,36.98,6.98,1,128.2,372.0,9673,330,1
38,28.25,69.5,97.4,36.56,7.44,3,114.3,949.2,4134,1339,0
51,21.56,63.0,98.0,37.01,5.78,2,103.5,624.6,2526,999,0
50,30.57,85.9,97.6,36.53,2.01,2,103.7,723.7,7208,1241,0
70,27.13,80.6,96.7,36.55,4.86,2,125.5,277.0,2950,744,1
45,16.96,63.3,97.4,36.18,8.35,1,112.8,628.8,7979,1305,0
35,16.62,69.2,97.5,36.87,2.94,2,95.6,509.9,1634,522,0
19,26.74,63.8,96.9,36.29,4.39,4,109.6,910.8,5666,690,0
40,25.65,66.5,98.3,36.43,7.04,1,117.1,864.2,4626,89,0
69,26.26,81.2,97.3,36.6,5.61,1,105.6,407.0,9610,246,1
18,26.65,66.7,99.4,36.64,8.96,3,100.4,902.2,5691,1110,0
73,27.97,74.0,96.4,36.0,3.18,3,133.8,846.3,9327,471,1
51,31.73,69.7,99.4,36.52,2.72,3,128.5,581.3,3236,147,1
26,21.02,66.6,97.9,36.88,6.7,3,96.9,123.9,5260,421,0
36,20.71,64.3,97.1,36.47,2.35,4,113.3,194.7,8323,508,0
52,21.11,69.5,96.5,36.52,4.15,2,127.8,119.2,2442,1032,0
37,28.3,61.8,96.3,36.66,4.38,3,125.1,147.2,9348,131,0
24,33.27,84.0,99.7,36.56,6.36,1,115.3,929.3,7955,37,0
59,24.56,60.7,98.7,36.24,5.61,3,117.8,241.0,7091,1043,1
59,16.0,72.0,97.9,36.59,5.32,2,110.2,671.8,3188,205,0
25,17.94,61.5,97.5,36.95,3.78,2,110.6,622.9,8361,604,0
35,22.47,79.0,99.9,36.23,6.69,3,114.5,618.0,8584,983,0
33,23.9,57.8,97.8,36.47,9.8,3,119.2,236.0,3633,740,0
58,24.68,65.1,97.1,36.12,5.74,2,123.5,571.4,6283,178,0
63,27.0,64.7,98.6,36.93,4.68,2,133.7,613.0,1545,1040,1
63,25.18,74.5,97.9,36.57,2.16,2,125.2,563.4,4546,70,1
76,32.26,65.0,98.9,36.3,3.35,2,141.6,217.5,2355,335,1
65,23.28,65.8,97.4,36.63,4.12,3,132.4,700.8,6006,158,0
37,22.32,50.0,97.6,36.18,3.54,3,105.1,115.9,5938,738,0
24,29.29,69.2,97.8,36.24,4.47,2,95.4,582.1,5794,994,0
56,18.81,62.9,95.6,36.09,7.7,3,132.8,442.6,7093,936,0
74,28.83,62.7,96.6,36.23,6.74,2,133.2,275.3,9321,201,1
78,27.33,81.5,97.9,37.08,4.21,3,113.9,776.7,2770,495,1
32,26.03,55.0,98.7,36.34,2.33,3,106.9,208.3,2929,211,0
32,35.06,74.6,97.9,36.76,6.91,3,128.1,889.7,2938,494,1
20,23.56,53.4,97.5,36.31,4.41,5,105.3,846.1,9352,332,0
26,37.51,80.9,98.2,36.87,1.39,3,114.8,374.5,1833,1066,0
52,25.63,74.4,98.6,36.24,5.78,3,134.7,324.6,1282,1081,1
51,20.16,58.5,98.0,36.61,6.35,3,106.1,173.7,2443,1178,0
40,27.16,61.7,98.1,36.62,0.5,2,109.6,874.7,7922,289,0
37,21.2,71.7,97.2,37.41,3.02,2,114.5,614.8,6216,20,0
69,22.89,70.0,97.9,36.82,4.3,2,128.7,78.6,9276,51,1
46,28.86,67.1,94.6,36.39,5.82,3,125.9,509.9,2838,1214,1
68,29.69,84.2,97.4,36.84,3.57,2,138.3,127.2,4546,1304,1
77,23.56,67.5,99.4,37.35,3.0,2,130.0,566.4,5997,305,1
37,31.93,68.8,96.4,36.03,5.81,3,124.8,508.1,1657,1262,0
30,32.82,74.9,97.8,36.31,3.66,3,115.5,124.6,9265,763,0
77,34.27,85.2,96.6,36.52,5.48,1,136.2,784.3,8241,266,1
57,29.55,71.0,96.9,36.45,2.5,2,126.3,286.1,2293,451,1
36,33.89,66.2,98.9,36.48,2.07,3,123.1,537.3,8584,382,0
56,17.02,52.5,97.9,36.14,5.86,3,123.8,625.1,5038,1099,0
49,25.15,63.3,97.8,37.09,4.95,1,124.9,916.1,4025,272,0
74,22.29,75.2,97.7,36.1,6.16,2,126.5,494.4,9514,264,1
33,27.42,65.0,98.1,36.53,3.54,3,107.3,875.6,5666,1036,0
79,23.83,74.5,99.9,36.97,3.07,2,129.6,369.4,3044,435,1
76,25.94,80.4,97.0,36.59,6.95,3,129.1,821.7,8284,360,1
29,36.59,58.7,98.1,36.26,1.76,3,122.3,262.2,7440,1163,1
28,25.92,63.0,96.5,36.13,6.75,3,134.6,686.7,2728,1341,0
51,28.95,72.7,97.0,36.52,6.88,2,117.5,129.8,7095,800,1
20,25.59,59.9,99.6,36.34,6.05,2,113.7,937.4,6660,1191,0
36,27.19,79.9,96.7,36.67,3.26,2,126.9,908.5,3477,1211,0
44,26.83,76.8,95.6,36.11,3.03,2,119.8,448.0,4875,847,0
78,29.13,77.7,96.8,36.88,4.12,2,155.7,521.5,8552,1194,1
79,32.86,93.0,98.0,36.64,2.17,1,131.5,588.0,2569,13,1
27,35.37,57.6,98.1,36.67,2.77,2,122.0,297.5,7500,51,0
73,28.41,74.3,96.6,37.1,5.66,2,122.0,657.0,8482,1272,1
23,29.87,68.2,96.6,36.45,5.67,3,110.0,678.7,9429,203,0
64,20.82,63.4,97.6,36.35,2.61,2,124.1,522.6,3921,1048,0
70,26.34,75.7,97.7,36.41,5.72,2,136.0,183.0,3399,605,1
73,31.69,68.5,95.0,36.53,5.32,1,135.5,877.3,9408,1134,1
31,31.3,76.5,99.2,36.57,7.22,1,130.0,153.5,5164,958,1
73,27.9,82.7,97.7,36.31,5.52,2,128.7,616.3,6119,104,1
25,31.41,68.3,99.4,35.89,6.41,3,112.0,142.8,5616,485,1
50,29.35,52.4,98.2,36.4,5.36,4,149.7,181.5,5630,1020,1
47,33.04,62.1,98.2,36.73,6.26,3,128.1,68.5,6620,1327,1
37,28.3,75.5,98.5,36.65,2.18,1,110.2,377.0,4809,1158,0
19,24.95,63.4,99.4,37.02,4.28,3,101.8,625.6,4528,1284,0
65,28.55,51.7,95.3,37.28,4.43,2,117.9,519.4,4605,1377,1
38,16.0,73.3,96.5,36.87,4.06,3,118.5,657.1,6906,1287,0
59,28.79,73.5,96.6,37.08,5.3,2,121.8,657.5,8360,836,1
43,16.0,59.6,97.7,36.87,5.64,2,112.1,176.2,5995,484,0
41,17.84,72.4,98.3,37.2,5.21,3,110.8,101.6,7096,732,0
72,29.15,69.0,97.3,37.25,4.18,2,137.5,612.8,4717,1146,1
23,29.28,59.6,99.5,36.93,3.18,3,104.7,637.9,7962,613,0
63,20.76,73.4,98.4,36.85,6.47,2,110.4,551.0,4543,1196,0
64,23.1,85.7,96.3,36.53,5.13,2,125.4,271.2,4789,1010,1
41,33.93,86.2,97.9,36.59,2.67,1,128.7,779.7,1497,302,1
34,24.28,70.2,97.2,36.48,4.15,2,116.8,118.1,3352,1326,0
18,38.46,72.8,97.9,36.82,1.36,2,109.7,619.1,7645,1218,0
76,26.79,82.7,97.1,36.35,4.56,1,136.7,158.4,1781,864,1
76,28.92,64.9,93.4,36.53,4.14,2,124.0,639.0,3015,280,1
32,35.21,75.4,100.0,35.78,3.47,2,115.2,426.0,7989,328,1
19,27.48,62.1,99.1,37.2,7.35,1,101.0,696.3,8857,1208,0
25,21.59,65.7,97.8,36.52,2.42,3,121.5,97.0,4737,26,0
22,26.23,64.2,100.0,36.76,5.77,2,117.0,549.6,4661,696,0
69,26.61,77.2,96.7,37.11,8.44,2,133.4,180.4,5582,891,1
73,19.7,74.7,97.0,36.71,6.44,1,136.4,664.1,7930,335,1
27,25.47,50.0,97.8,37.11,4.44,3,140.0,158.0,5223,1245,0
64,22.94,72.8,98.8,36.17,2.46,2,106.0,116.2,2560,752,0
29,31.61,71.9,98.0,37.44,2.05,3,109.5,691.8,4879,95,0
40,26.98,70.6,98.0,36.98,3.76,3,111.3,107.2,3291,461,0
55,25.33,69.9,98.7,36.67,3.26,2,113.1,252.1,7154,573,0
62,26.25,87.2,97.8,37.1,3.2,1,113.9,792.3,2284,321,1
72,27.96,78.6,96.9,36.19,3.91,1,126.4,778.7,6477,1353,1
20,30.01,70.4,99.6,36.5,4.32,2,100.4,818.7,2168,519,0
30,21.6,72.2,100.0,37.11,5.37,3,113.6,343.5,9747,722,0
35,21.38,69.5,98.4,35.95,2.27,2,112.3,525.2,6759,771,0
37,32.54,61.0,98.0,36.8,3.27,3,125.1,746.0,2249,318,1
79,24.66,54.6,96.9,36.79,4.21,2,134.6,173.3,9629,818,1
66,19.43,66.8,98.4,37.29,4.15,2,127.3,702.0,6161,509,0
37,29.11,75.3,97.4,36.05,7.81,2,114.2,137.7,6459,15,0
78,29.21,72.5,96.5,37.16,4.92,2,153.6,871.9,1569,588,1
48,18.84,72.2,96.1,36.4,1.6,3,116.9,623.6,2689,841,0
49,27.99,67.8,96.4,36.44,5.25,4,102.7,494.0,8270,169,0
44,30.63,81.0,97.2,36.17,5.48,2,111.4,486.3,5207,1122,1
26,28.75,63.1,98.3,36.22,4.27,3,96.4,213.2,6546,951,0
75,30.09,78.9,98.6,36.74,2.32,2,132.1,361.3,9883,447,1
18,19.5,65.5,99.1,36.21,7.66,3,103.3,704.4,4854,853,0
28,28.52,79.7,97.3,36.86,2.57,2,109.7,536.8,4427,437,0
32,25.23,55.6,97.4,36.37,5.69,1,133.6,526.4,8219,933,0
35,24.29,63.8,99.4,36.18,4.86,2,119.3,225.7,1594,222,0
26,31.33,75.0,99.4,36.42,5.58,2,122.9,671.3,5094,879,0
19,34.49,82.5,98.3,36.72,7.57,1,106.1,402.8,8692,80,1
60,36.13,78.7,96.6,36.5,5.51,1,120.9,214.5,3049,24,1
78,33.64,76.3,97.7,36.61,3.49,1,135.8,899.4,3735,366,1
25,26.23,70.6,97.4,36.84,6.49,3,113.4,506.1,5252,252,0
36,28.63,73.8,98.4,36.98,3.36,3,98.7,525.2,1668,707,0
49,30.79,70.6,99.9,36.49,4.79,1,121.5,933.2,1637,239,1
75,27.43,77.0,97.1,36.23,2.17,2,130.2,379.8,3262,352,1
61,27.48,83.7,96.5,36.63,2.64,1,123.0,898.7,9079,141,1
65,31.08,91.1,97.5,36.76,4.59,1,121.0,675.4,2996,1277,1
54,26.49,74.9,97.0,36.09,5.16,3,116.6,619.8,7577,1059,1
43,23.01,66.6,96.4,36.29,1.44,3,114.0,261.0,4834,314,0
30,24.64,66.4,98.9,36.35,5.4,2,113.3,96.6,7842,173,0
71,30.1,77.0,98.1,36.53,3.03,3,136.6,444.0,3971,1224,1
67,26.82,74.1,96.8,36.33,6.8,1,137.6,59.2,8869,962,1
19,28.57,67.8,98.2,36.85,3.87,2,108.3,113.9,4337,1275,0
62,30.28,64.8,96.3,36.04,2.48,2,122.9,585.8,8123,257,1
23,24.85,72.2,98.3,36.05,4.64,4,114.4,702.0,8481,517,0
63,30.73,64.4,96.6,36.48,2.85,2,134.3,201.2,4886,171,1
69,28.77,70.4,96.0,36.54,6.78,2,124.5,709.3,7001,610,1
26,20.38,67.7,100.0,36.09,4.5,1,115.9,904.8,2067,234,0
44,34.3,89.7,98.0,36.39,4.23,1,133.8,718.9,5467,6,1
25,24.2,60.5,98.9,36.46,5.57,3,123.2,756.2,4359,732,0
53,18.19,63.0,98.4,36.46,2.69,2,133.7,680.6,9588,1409,0
75,21.37,70.2,97.6,36.65,2.18,1,117.1,252.3,9405,929,1
23,21.49,76.1,98.0,36.37,5.24,3,107.8,374.8,8049,1090,0
42,27.07,50.0,98.1,37.12,2.52,3,118.4,904.3,9540,1169,0
78,25.38,64.2,96.5,36.77,2.52,3,128.7,645.1,9782,1400,1
36,25.05,87.7,98.5,36.32,6.01,3,108.2,760.1,7910,186,0
26,30.02,68.5,98.7,36.63,5.45,4,99.9,921.8,6343,361,0
48,28.57,61.8,97.3,36.64,2.24,2,122.3,258.3,2839,887,1
49,28.44,70.4,96.3,37.03,3.39,2,114.0,339.5,8337,1182,0
59,28.93,71.0,97.5,36.39,2.87,3,126.4,630.3,2749,1114,1
37,30.0,76.2,97.8,36.87,7.7,2,110.6,71.9,2666,1048,1
77,16.0,82.0,94.9,36.61,6.13,4,111.8,564.1,8917,450,0
50,24.9,71.0,98.1,37.12,3.74,3,121.9,777.8,2029,526,0
35,16.0,58.6,99.0,37.05,5.54,3,109.6,599.4,2277,115,0
77,26.99,80.8,99.3,36.67,2.06,2,136.2,315.9,5598,452,1
75,26.78,66.6,96.5,36.51,3.29,3,151.5,701.7,6256,225,1
48,32.24,61.5,97.0,36.78,4.69,3,126.7,181.4,1410,1351,1
19,32.98,55.6,97.3,36.54,5.31,1,119.2,855.3,4403,132,0
55,27.85,57.0,97.7,37.19,4.32,3,112.6,140.8,3027,523,0
52,24.2,62.8,97.7,36.63,4.95,2,106.9,827.1,3717,1277,0
27,29.32,56.3,97.5,36.46,4.64,3,130.4,498.0,2627,1376,0
57,24.05,75.2,97.2,36.44,4.21,1,112.2,435.8,7095,543,1
70,26.79,63.8,95.0,36.18,3.97,2,117.4,500.6,5256,670,1
24,31.93,50.0,99.2,36.79,3.73,2,115.0,230.2,9635,754,0
62,23.9,63.0,96.5,36.31,4.92,2,122.1,461.9,1074,1184,1
26,30.99,64.3,98.2,36.98,5.24,2,106.4,814.7,7997,1107,0
64,30.32,66.8,95.7,36.15,4.86,3,125.2,770.9,9186,755,1
43,21.84,76.1,97.2,36.64,2.38,4,127.2,196.7,5374,535,0
18,31.86,60.3,98.2,37.0,2.7,3,105.1,656.1,7293,536,0
77,30.43,82.6,96.8,35.85,5.22,2,118.9,821.2,4965,935,1
28,27.33,67.1,98.7,37.31,7.15,2,123.0,787.8,6354,1202,0
54,22.84,67.5,98.9,36.45,4.77,3,124.4,433.1,9168,111,0
29,22.33,57.3,99.0,36.65,3.76,3,104.2,93.3,5771,1107,0
75,24.0,72.9,97.8,36.8,4.9,2,111.8,888.1,6202,693,1
63,29.62,65.1,98.7,36.85,2.45,3,119.9,406.3,9879,209,1
67,21.83,72.9,97.7,36.7,6.86,2,122.8,374.9,5469,139,0
44,29.08,68.3,97.7,36.95,4.84,2,132.0,733.6,2558,486,1
46,20.34,62.3,98.7,36.78,3.29,1,104.6,287.6,7144,358,0
57,25.74,77.1,98.5,37.22,4.2,3,121.7,801.3,7235,150,1
66,27.37,72.4,97.8,36.78,3.55,4,133.6,118.4,3134,423,0
70,39.51,73.7,95.1,37.29,6.86,2,112.9,716.6,7557,1200,1
19,19.64,60.8,97.7,36.92,4.14,4,115.3,919.2,1573,1033,0
59,34.45,75.4,96.8,35.97,4.78,1,117.5,946.2,3879,301,1
24,27.58,57.8,99.2,37.51,5.53,3,115.6,881.4,8695,971,0
35,28.94,69.4,98.0,36.4,3.17,2,119.6,833.7,6556,650,0
69,27.42,68.5,98.2,37.12,4.85,2,138.8,301.0,6464,1076,1
33,29.11,59.0,99.4,36.61,4.99,3,122.0,920.0,6587,356,0
67,26.0,59.8,98.3,36.97,1.7,2,102.5,885.1,2483,89,0
46,34.36,71.2,98.7,36.36,4.95,1,116.9,530.9,9650,451,1
32,24.43,71.6,97.1,36.82,4.42,2,114.3,411.9,3682,1431,0
38,32.69,66.8,98.3,36.51,4.73,1,118.8,148.3,8077,800,1
50,23.45,87.6,97.0,37.15,4.56,3,123.3,581.6,9908,79,0
65,26.49,75.7,95.5,36.75,4.97,4,133.8,680.5,3168,1404,1
55,21.23,76.0,97.2,36.93,6.91,4,124.8,413.6,6709,1189,0
75,29.17,83.3,98.2,35.84,2.38,1,129.1,415.4,1380,783,1
71,34.31,88.7,97.2,36.57,3.88,3,115.0,566.0,6724,1066,1
64,26.4,64.1,99.2,36.74,5.7,3,120.9,75.0,4968,266,1
55,25.78,52.4,97.6,36.68,5.37,1,126.1,912.1,1649,852,1
35,21.0,60.9,100.0,36.94,5.33,3,100.6,310.9,7047,1314,0
43,25.61,71.5,98.0,36.47,9.46,3,123.9,176.8,9719,632,1
25,18.52,61.4,98.4,36.62,5.61,4,115.4,54.9,1747,57,0
41,22.05,69.9,96.6,37.01,6.54,2,115.7,821.2,9034,1090,0
75,27.98,85.1,98.0,35.8,3.95,2,99.8,826.9,8591,1051,1
44,33.66,76.7,97.1,36.81,2.71,1,110.8,135.8,5929,1065,0
25,41.41,77.5,97.1,36.48,3.93,2,141.2,187.0,9111,934,1
58,23.75,61.2,98.6,36.28,5.78,3,116.1,453.1,3784,198,0
77,34.26,70.0,97.7,36.72,5.23,1,115.7,217.1,7479,165,1
71,28.07,88.9,98.1,37.03,5.23,1,141.4,712.2,7281,1141,1
34,26.01,66.6,97.7,36.96,4.11,3,114.8,102.2,6223,1231,0
46,29.05,63.5,97.7,36.55,3.83,3,132.1,544.7,8499,114,0
50,27.12,63.6,97.5,36.91,4.18,3,123.9,394.5,8885,837,0
33,27.37,60.9,98.9,36.9,5.8,3,119.9,468.5,8074,721,0
34,24.68,57.7,99.6,36.57,6.01,4,117.4,432.3,6294,504,0
32,19.53,51.3,98.5,36.36,2.69,4,116.4,187.8,9792,929,0
79,18.77,60.4,98.7,36.38,5.87,2,148.2,248.3,5999,1316,0
64,30.2,72.0,98.1,36.89,3.33,2,137.8,108.3,6731,1183,1
70,25.36,68.3,96.8,36.59,5.34,2,111.0,153.8,2699,221,1
68,23.7,83.1,97.9,36.23,4.15,1,129.5,930.1,3890,667,1
77,26.84,78.8,98.5,36.01,7.32,1,141.8,301.8,9141,1347,1
24,30.93,69.9,100.0,36.89,3.75,2,126.7,326.3,5480,341,0
72,27.74,68.1,98.1,36.41,4.82,2,125.0,164.4,5600,1229,1
22,23.39,60.2,98.5,36.72,5.59,4,120.3,729.6,8346,707,0
47,33.18,74.8,97.3,37.03,2.93,2,133.6,881.7,3934,751,1
54,35.01,77.2,97.8,36.14,4.37,3,153.7,760.8,3387,361,1
40,29.37,67.0,99.6,36.58,4.02,3,111.7,601.4,1079,1323,0
27,31.86,77.1,98.6,36.54,3.58,2,111.3,781.9,3082,761,0
29,33.26,67.3,98.5,36.73,3.71,3,115.0,413.8,5608,828,0
69,32.68,83.4,96.9,37.03,6.5,1,126.7,823.5,7522,666,1
37,29.99,63.5,97.7,36.13,3.42,3,109.6,768.7,3961,129,0
37,29.91,52.9,97.8,36.8,5.52,3,90.9,51.6,4999,1124,0
75,29.5,79.1,97.0,36.96,5.07,1,127.2,489.0,2994,473,1
26,21.09,68.9,100.0,36.53,1.99,3,112.2,288.2,8348,346,0
74,30.44,77.7,96.6,36.55,5.43,3,126.9,127.6,5723,1126,1
75,19.75,75.5,96.9,36.75,1.96,2,144.0,811.6,2293,288,0
55,22.67,65.2,96.6,36.72,5.63,3,119.9,57.2,6485,983,0
28,33.58,60.7,98.8,36.8,3.59,3,130.8,707.1,4020,683,0
27,31.17,72.7,99.6,36.8,4.52,2,118.5,939.4,8785,1152,0
35,34.53,71.9,99.4,36.26,2.17,3,129.3,483.8,3412,73,0
53,25.39,68.0,97.7,36.95,4.72,1,123.7,384.1,8781,1115,1
27,20.81,72.1,98.9,37.01,6.17,3,122.3,595.2,7280,331,0
46,25.55,60.4,97.6,36.67,3.05,3,119.1,774.2,2218,1253,0
25,27.33,60.2,98.9,36.08,3.41,3,117.4,266.2,7833,509,0
51,27.21,83.8,97.9,36.56,5.32,2,125.2,275.6,7484,11,1
19,32.7,72.5,98.5,36.67,5.36,3,111.3,596.5,5103,702,0
61,24.92,68.7,97.4,36.2,0.5,2,127.4,895.9,2446,79,1
21,28.63,66.9,98.9,36.47,8.13,3,134.3,318.6,5301,388,0
30,21.66,65.1,97.9,36.11,5.45,3,107.6,389.1,6476,1032,0
28,29.14,50.0,98.0,36.81,5.75,2,119.0,944.0,2188,807,0
69,26.82,66.0,98.7,36.66,4.24,2,140.1,208.6,4069,1020,1
21,22.9,62.5,100.0,36.02,1.16,3,119.4,119.3,7315,1265,0
44,25.57,68.3,96.6,36.72,5.71,1,118.0,580.8,5975,674,0
54,25.84,72.7,96.2,36.58,3.48,2,97.8,71.8,9929,783,0
49,25.4,74.9,96.7,36.78,5.48,4,124.7,212.4,2950,84,0
60,36.01,72.1,96.9,36.46,4.11,2,108.6,610.0,8000,413,1
67,26.29,66.4,98.0,36.32,4.93,1,141.2,643.6,4828,1043,1
42,25.53,73.5,98.4,36.33,3.11,1,118.9,509.4,3007,90,0
69,16.0,67.4,97.2,36.41,6.06,2,129.9,395.4,9559,517,0
37,22.15,61.8,98.5,36.61,2.36,4,104.0,568.6,6607,197,0
79,25.43,72.0,96.0,36.65,8.54,2,114.5,629.0,5818,1234,1
49,23.23,83.2,97.4,36.53,8.53,4,120.6,773.1,3654,808,0
63,33.98,56.6,97.0,36.45,7.44,2,130.1,763.5,8932,928,1
72,25.94,70.4,95.4,36.48,6.8,2,123.0,648.3,1271,984,1
67,33.5,77.0,95.8,37.48,4.35,1,132.3,854.8,2036,323,1
70,27.12,65.3,95.9,36.33,6.6,3,155.8,804.2,2618,72,1
51,26.99,77.8,98.3,36.4,4.33,2,129.7,169.9,6876,573,1
20,26.34,68.3,98.7,37.75,1.7,4,120.5,911.0,1923,268,0
48,26.82,69.8,98.3,36.75,7.21,2,128.6,852.6,8173,464,1
29,35.74,65.8,96.1,36.12,6.53,3,134.6,338.8,2763,460,1
73,16.0,67.8,95.4,36.89,4.44,3,119.4,68.2,7087,1126,0
32,16.39,61.8,98.8,36.28,2.29,3,90.0,593.6,8159,461,0
32,23.98,64.3,95.4,36.92,3.44,3,110.7,444.6,8906,218,0
33,26.88,66.4,99.3,36.53,1.22,2,123.1,724.6,3635,1380,0
57,30.39,74.6,95.5,36.45,6.2,2,116.1,522.1,1672,71,1
53,29.26,75.7,98.4,37.16,1.61,3,121.9,118.8,7812,294,0
76,24.8,61.9,95.9,36.8,5.02,3,121.6,270.2,5037,500,1
43,32.1,62.6,98.8,36.94,2.98,2,137.1,844.3,9538,90,0
35,32.16,53.8,100.0,36.75,1.93,3,126.9,83.9,2693,1295,0
21,27.76,73.3,96.2,36.44,4.93,2,117.9,713.0,6167,508,0
18,31.81,69.1,99.2,36.81,3.9,2,119.4,312.7,2072,1126,0
41,28.22,71.6,96.1,37.02,6.01,3,118.3,457.4,5368,194,0
75,23.88,63.9,97.3,36.65,2.22,1,129.5,527.9,1009,751,0
50,30.43,83.8,97.4,37.23,3.14,3,111.5,275.1,7750,183,0
73,27.38,69.2,97.0,36.9,0.5,2,107.4,636.8,6443,334,1
24,26.81,65.9,97.5,36.67,0.57,3,113.3,674.1,1873,587,0
23,34.46,73.5,99.0,36.69,7.74,3,120.0,126.6,5494,1242,0
69,16.0,60.2,95.6,36.65,8.25,3,132.0,386.5,4853,441,0
24,19.43,60.0,99.6,36.16,4.67,2,122.3,719.9,7062,1087,0
21,20.63,61.7,98.1,36.57,3.02,4,122.1,699.5,5488,132,0
43,24.91,89.7,96.4,36.68,3.96,3,107.1,540.1,5130,362,0
75,25.48,78.2,98.4,36.45,6.07,1,125.2,749.9,8478,870,1
60,18.96,82.4,97.2,36.72,3.57,2,123.7,146.9,5671,674,0
24,21.68,70.6,100.0,36.61,4.93,4,133.5,156.4,8327,722,0
69,22.32,72.9,98.3,36.87,4.48,3,139.2,641.7,8967,977,1
70,39.58,69.4,95.7,36.83,3.48,2,148.0,674.0,8633,111,1
67,36.17,86.3,96.7,36.66,3.55,1,129.5,783.1,9598,1001,1
73,24.66,61.3,97.0,36.12,5.03,2,118.6,212.9,7280,1242,1
32,24.91,78.0,99.7,37.23,2.74,3,121.1,515.1,6055,1103,0
78,20.82,72.4,97.2,36.55,5.31,3,115.5,644.7,5774,410,0
37,16.88,50.0,98.2,36.57,3.65,4,107.0,251.3,2840,506,0
67,26.19,70.1,96.9,36.48,4.73,2,125.2,515.2,8450,1384,1
53,21.61,74.6,97.5,36.43,6.99,2,134.2,624.6,7238,1137,0
66,26.36,70.8,98.4,37.14,4.2,2,122.6,243.0,8858,1341,0
56,18.48,76.6,97.4,37.09,6.16,1,92.7,388.0,7312,1315,0
57,22.84,61.5,97.0,36.76,1.27,3,125.6,244.7,5323,625,0
56,27.57,61.1,96.9,36.56,3.65,2,116.5,862.6,3656,187,0
66,28.7,72.8,96.6,36.82,4.55,2,128.2,263.1,9869,329,1
63,28.97,75.3,95.8,36.63,7.96,1,126.1,158.8,7601,424,1
26,19.93,58.0,97.6,36.53,0.97,4,104.9,81.6,8872,1202,0
69,31.24,82.4,98.5,36.72,4.33,3,138.5,90.5,6264,398,1
51,22.64,60.5,97.4,36.45,7.12,3,103.0,222.4,5593,520,0
38,30.09,72.1,98.7,36.69,3.09,2,113.8,597.4,1308,1226,0
49,26.74,68.8,95.2,36.67,4.12,3,127.3,65.9,1623,236,0
77,19.64,55.9,97.4,36.81,5.1,4,119.2,308.1,7360,955,0
71,25.16,64.5,96.8,36.38,4.83,1,111.0,102.4,3020,794,1
69,28.7,74.0,96.5,36.85,7.32,2,135.5,413.3,1737,1417,1
46,29.99,86.6,97.9,36.28,5.31,2,132.9,93.7,7986,705,1
66,26.07,77.3,96.6,36.4,6.89,2,125.5,596.8,6584,751,1
41,34.77,57.7,95.5,36.41,3.85,2,103.7,669.6,2000,1224,0
60,32.04,50.0,98.1,36.22,3.17,3,135.1,708.2,5498,1428,1
57,25.47,73.0,97.6,36.96,4.09,4,105.8,251.9,5227,1050,0
33,30.7,66.3,97.8,36.26,2.41,3,120.7,831.7,1033,1005,0
34,36.86,80.2,96.8,36.36,5.37,2,113.4,671.3,6443,1261,1
21,36.99,58.1,96.7,37.04,3.81,4,106.2,101.0,4569,1410,0
26,20.41,65.7,98.5,36.4,3.29,3,103.6,446.7,8904,1058,0
44,21.98,74.9,99.4,36.53,5.4,2,113.6,741.0,2041,421,0
47,34.52,70.7,97.7,36.25,2.44,1,118.8,329.8,8623,925,1
28,21.3,58.1,96.9,36.89,5.89,4,115.2,393.4,1057,340,0
43,19.92,65.5,98.0,36.9,3.64,3,109.1,616.6,7877,720,0
55,24.27,70.8,97.4,36.86,6.59,4,130.6,99.9,8042,640,0
32,28.99,70.3,99.0,36.79,3.79,1,118.9,920.2,4668,1422,0
38,26.27,72.3,98.6,36.63,5.64,4,109.3,207.0,3524,798,0
40,23.42,62.2,94.9,36.42,4.82,3,106.3,74.0,2280,1381,0
49,23.29,56.6,98.2,36.31,5.84,3,101.6,54.8,4059,1163,0
40,23.1,85.6,96.9,37.05,4.7,1,117.7,409.6,7026,1222,1
63,22.23,64.2,95.8,36.87,1.51,3,118.7,845.8,7523,244,0
38,38.66,65.7,97.3,36.36,6.32,3,101.2,787.8,2631,1116,1
44,28.35,69.5,98.2,36.61,4.34,2,114.5,870.8,1100,362,0
41,31.41,69.0,96.2,36.49,5.92,3,111.9,530.4,6051,832,0
29,24.26,63.4,98.9,36.21,5.74,2,127.5,453.9,6226,700,0
60,25.83,71.5,98.1,36.66,3.11,2,106.7,397.3,9825,374,0
32,23.09,66.3,98.2,36.45,2.85,2,97.5,91.8,7851,1418,0
36,16.0,66.5,97.2,36.27,5.68,2,119.5,868.6,5952,1260,0
67,19.63,50.0,96.1,36.08,3.95,3,135.4,496.6,6325,827,0
76,17.38,84.6,97.8,36.05,6.19,3,115.9,459.6,6809,16,0
59,16.0,67.4,95.8,36.47,4.18,2,110.1,513.7,5065,264,0
74,20.58,76.8,97.9,36.57,6.34,2,131.1,764.7,7097,328,0
70,33.69,66.5,96.7,36.29,5.26,1,109.4,252.0,2758,1399,1
47,26.57,64.2,97.6,36.83,5.02,3,101.0,688.9,8472,581,0
65,33.51,71.3,95.3,36.58,3.83,1,128.0,689.7,8754,68,1
38,28.94,81.0,97.8,36.8,4.92,2,133.7,814.6,4914,844,1
46,30.87,64.4,98.3,36.54,6.65,3,118.0,57.8,5109,1368,1
51,22.12,75.2,96.2,36.32,4.4,2,118.9,203.4,5477,808,0
77,29.52,68.1,97.3,36.64,5.46,3,143.6,473.9,8355,639,1
70,30.59,71.0,97.1,36.16,4.58,2,151.6,815.5,2583,253,1
48,23.8,67.3,97.0,36.79,4.72,2,112.3,918.6,4073,1265,0
58,29.71,80.8,98.2,36.27,7.6,3,125.5,585.4,6531,151,1
30,29.74,51.2,96.0,36.92,6.66,3,134.1,240.9,7240,1344,0
67,23.94,59.6,97.4,36.48,4.64,3,109.6,216.1,3661,320,0
52,20.96,51.4,99.2,36.97,4.89,3,127.7,625.5,2054,199,0
51,20.64,60.0,99.0,36.21,3.24,2,106.7,239.1,5568,502,0
65,27.25,66.3,97.5,36.36,4.19,2,127.4,547.8,6746,8,1
57,28.5,59.1,97.1,36.73,5.06,2,122.1,801.3,7898,21,1
22,22.68,59.1,97.8,37.01,6.03,2,98.6,400.8,1026,269,0
35,26.94,52.1,97.7,37.18,5.85,2,105.9,390.6,1158,997,0
28,29.77,55.9,98.8,36.61,2.5,4,118.0,82.5,4478,1173,0
63,30.01,83.0,96.4,37.24,6.26,2,137.6,278.7,6074,357,1
20,34.87,71.6,99.0,36.5,4.34,2,114.7,678.4,1032,928,0
30,33.44,72.9,100.0,36.98,2.72,1,119.2,374.4,2560,506,1
55,21.59,57.6,97.4,36.27,6.91,4,124.7,192.5,4769,624,0
61,35.55,62.4,95.6,36.75,7.13,2,121.1,145.2,3514,482,1
49,24.04,60.3,96.3,35.78,4.97,2,126.0,135.5,7394,1283,1
71,32.23,76.9,97.6,36.21,5.78,1,140.2,643.2,1312,737,1
74,27.15,83.1,96.8,36.76,5.88,1,155.5,601.4,8994,729,1
26,24.66,69.4,99.2,36.14,7.01,4,107.2,516.7,2524,1238,0
77,17.4,76.7,96.3,36.75,5.81,2,119.1,500.3,4965,946,0
56,25.91,63.2,98.3,36.92,2.11,3,130.0,187.8,9878,215,0
57,18.69,67.3,97.2,36.42,8.12,3,125.8,500.5,6963,272,0
23,31.83,61.3,97.6,36.26,6.42,4,109.6,103.9,9985,491,0
56,34.69,72.1,96.8,36.43,3.58,2,124.4,883.3,1176,141,1
62,22.66,85.3,96.0,36.26,2.65,3,127.6,102.2,7477,996,0
54,28.37,55.4,99.5,36.56,5.41,3,115.1,431.2,1681,713,0
23,23.03,61.4,98.3,36.64,4.0,3,104.7,50.5,6506,64,0
50,23.53,77.2,98.2,36.49,5.09,3,119.5,757.5,3933,577,0
76,30.83,65.8,96.2,37.19,5.84,1,142.7,199.6,7992,1195,1
62,26.6,63.0,96.2,36.35,3.48,4,118.9,882.4,2119,1306,0
26,35.85,65.3,97.8,37.09,2.49,2,100.4,89.6,9068,1385,0
77,24.29,72.0,97.9,36.24,5.19,2,109.4,788.7,5326,1328,0
77,32.0,63.3,96.2,36.63,3.54,2,121.4,641.0,5673,875,1
28,27.31,70.1,97.4,37.01,4.76,3,100.4,274.8,6139,1335,0
67,30.94,81.6,97.2,37.0,2.08,1,128.2,232.2,1317,1377,1
43,24.47,70.8,98.3,36.45,4.05,3,104.9,371.9,3793,915,0
54,26.54,64.0,99.1,36.79,5.79,2,115.1,795.6,7383,595,1
45,26.2,72.2,98.1,36.75,5.59,1,110.9,825.8,9646,1391,1
66,22.45,64.3,97.8,36.41,3.08,2,119.0,207.8,9860,598,0
79,30.24,75.2,97.4,36.82,2.4,1,146.6,368.1,5820,240,1
67,30.18,93.2,95.9,37.25,4.53,1,135.8,263.7,3322,153,1
75,29.89,75.9,95.9,36.77,5.51,2,131.9,160.4,5297,817,1
76,34.79,67.2,95.5,36.8,5.23,2,130.9,631.8,5170,52,1
23,34.34,68.1,96.9,36.84,3.58,3,112.4,361.3,4574,171,0
33,24.85,54.5,98.9,36.09,5.04,3,116.8,252.8,4251,352,0
62,28.74,65.2,97.5,36.76,7.2,1,132.3,829.4,8814,763,1
54,23.56,63.7,97.6,36.24,4.87,1,110.9,723.5,4513,689,0
21,26.92,58.6,95.9,36.39,1.56,4,111.2,746.4,1263,736,0
23,23.68,73.0,100.0,37.36,4.87,2,90.0,85.3,7491,731,0
50,35.22,77.6,96.4,36.51,8.18,2,128.9,873.6,6984,1431,1
56,28.69,76.1,99.5,36.34,2.18,2,131.9,567.3,4405,314,1
28,25.67,56.0,96.8,37.0,4.55,3,109.6,503.4,6669,683,0
28,33.01,64.7,97.3,36.27,4.09,2,135.7,59.5,9468,882,0
26,16.0,61.8,96.1,36.44,4.67,4,96.1,857.9,9318,395,0
53,16.33,60.7,97.9,37.04,4.85,3,116.8,539.5,8106,261,0
18,30.94,64.7,97.4,36.61,6.55,2,112.2,792.6,6249,68,0
53,27.11,76.5,96.4,36.05,4.65,1,121.1,640.0,1248,470,1
47,28.1,65.6,96.3,36.79,6.8,3,119.6,767.0,5609,366,0
46,19.9,69.6,98.5,36.46,4.29,2,115.7,673.6,8366,282,0
60,26.68,84.6,98.0,37.14,3.87,2,132.8,878.9,8603,391,1
50,37.22,68.2,99.1,36.39,3.3,4,141.9,252.9,7954,1003,1
63,31.09,81.1,96.5,36.97,1.23,3,128.4,231.9,9877,1191,1
65,27.68,75.4,97.4,37.22,5.0,3,134.9,691.3,5647,744,1
75,24.52,61.8,95.6,36.3,8.2,2,121.0,501.3,1987,96,1
67,24.75,65.6,96.8,36.53,5.32,1,133.0,589.2,5470,1060,1
50,16.0,60.5,97.1,36.74,5.74,2,105.7,687.7,3868,219,0
48,28.14,61.7,98.1,36.3,3.76,3,132.0,542.7,8518,83,0
32,31.2,68.3,99.1,36.69,4.06,2,139.7,758.9,7993,819,1
55,18.61,73.6,98.4,36.52,6.27,2,115.7,337.0,4822,613,0
26,23.36,73.8,97.5,36.51,8.12,3,90.0,823.1,4493,449,0
75,20.78,76.8,97.8,36.62,7.18,1,119.9,146.9,2435,1392,1
70,21.78,70.4,97.0,36.62,5.95,1,136.7,620.6,1388,132,1
25,27.08,50.0,98.0,36.66,4.56,3,117.8,851.1,3815,78,0
66,16.0,70.2,96.4,36.39,4.88,2,121.4,277.4,3168,846,0
25,29.99,67.9,97.8,36.41,3.14,2,124.4,344.2,3386,603,0
62,30.72,76.9,98.9,36.56,1.89,1,132.6,324.9,9985,1154,1
23,25.49,80.8,98.7,36.58,2.47,3,122.7,557.8,7128,59,0
48,16.0,74.8,97.8,36.45,4.59,3,121.8,421.6,5961,604,0
58,21.62,76.4,97.1,36.71,3.97,2,135.3,147.2,2609,212,0
63,33.21,66.6,99.5,35.96,1.86,2,133.5,852.2,8569,60,1
43,16.0,60.0,99.1,36.34,4.43,3,119.9,234.2,6802,666,0
75,24.99,72.9,96.1,36.5,3.93,2,125.3,530.7,5632,1058,1
66,20.66,62.8,96.8,36.3,2.39,3,116.2,585.3,5193,227,0
30,30.98,70.7,97.9,37.17,3.83,3,133.9,86.7,5972,1213,0
59,23.29,73.6,97.5,36.61,3.92,2,123.7,136.1,8556,747,0
63,28.9,64.3,96.5,36.66,3.39,2,134.9,924.5,7480,692,1
38,29.74,79.1,98.4,36.43,6.17,2,120.0,648.1,5364,1328,1
63,36.35,78.1,98.3,36.59,1.07,1,126.2,80.2,7007,474,1
73,25.74,57.7,95.6,36.17,0.93,3,128.3,764.8,9367,289,0
68,28.76,73.3,95.9,36.54,4.51,2,142.9,507.7,3935,1132,1
65,19.08,70.6,96.7,36.27,4.67,3,126.3,117.7,9103,155,0
57,32.99,81.1,96.8,36.5,5.23,2,110.5,662.7,6460,1255,1
34,22.85,62.2,100.0,35.7,3.53,3,110.3,499.4,2667,1188,0
67,23.88,76.7,98.1,36.21,2.85,3,142.6,234.4,9701,1406,0
40,26.68,68.4,98.8,37.11,4.49,3,115.1,839.9,7174,663,0
50,18.67,55.5,97.3,36.89,3.71,3,97.2,312.2,4473,896,0
37,27.99,57.5,97.7,37.06,7.29,2,136.1,306.1,2931,1271,0
37,31.83,77.0,96.4,37.09,3.92,3,126.7,295.5,9241,190,0
27,28.32,75.0,99.1,36.84,4.4,3,113.2,740.7,8408,441,0
77,18.54,72.6,97.3,36.44,8.96,3,120.8,685.5,1400,679,0
27,26.16,76.8,99.6,36.24,4.15,3,123.2,862.8,6720,904,0
23,30.66,74.0,98.2,37.0,5.5,3,108.7,256.4,2031,978,0
76,17.03,76.9,96.7,36.62,5.66,2,134.6,757.7,3646,1329,0
52,21.21,59.8,97.7,37.47,5.82,3,123.1,565.7,6111,705,0
45,31.36,78.9,98.6,36.47,5.02,5,124.7,327.8,3241,248,0
63,28.2,77.1,95.7,37.29,4.85,2,127.8,81.9,5611,274,1
41,28.94,66.6,98.6,36.55,4.68,2,117.5,787.1,4865,1153,0
25,36.47,64.2,98.0,37.07,3.46,2,129.3,267.0,6232,664,0
63,29.24,75.2,96.2,37.19,5.09,2,118.5,618.6,8205,909,1
28,30.22,50.8,96.2,36.24,8.15,4,99.3,544.0,2396,810,0
52,40.9,82.6,96.9,36.43,6.68,1,137.6,54.0,8164,1170,1
76,25.69,68.4,98.3,36.24,5.05,1,135.5,944.9,3001,315,1
76,22.65,78.1,98.5,36.17,6.04,1,131.9,782.9,1300,246,1
40,29.02,65.4,98.3,36.83,2.94,2,123.0,487.8,5017,1056,0
66,29.08,73.4,99.1,36.53,4.03,1,124.9,662.3,3720,625,1
55,24.06,62.3,97.4,36.62,6.21,3,128.6,478.9,2660,1174,0
47,21.43,61.1,98.6,36.79,7.18,5,115.6,720.1,4805,186,0
26,38.81,85.6,97.4,35.95,3.11,2,116.0,170.9,8818,392,0
41,28.5,82.7,97.4,37.05,3.63,1,115.8,451.7,6269,1382,1
58,22.99,71.3,96.7,36.48,8.43,3,141.2,352.0,7549,1215,1
79,31.56,78.0,94.6,36.79,4.67,1,117.0,463.7,2345,91,1
18,26.23,68.2,99.8,36.82,7.78,4,114.3,455.4,1682,1176,0
62,25.49,80.9,96.6,37.08,4.87,2,107.3,178.8,4017,95,0
70,29.72,69.7,96.2,36.56,4.94,1,128.8,928.8,7969,174,1
76,20.08,71.7,95.6,35.86,3.95,2,120.9,63.9,8969,1293,1
44,28.63,53.5,97.6,36.62,6.2,3,99.2,59.1,1915,182,0
25,36.75,78.7,99.8,36.67,6.94,2,123.0,386.1,5288,433,1
34,29.22,85.3,100.0,36.24,2.64,2,113.2,608.3,4568,195,0
70,24.84,73.5,95.3,36.65,3.87,2,105.5,211.7,7696,860,0
72,24.16,57.9,96.6,36.47,6.15,1,135.1,529.9,2849,83,1
57,24.67,73.7,96.4,36.13,4.27,3,136.2,700.5,5362,414,1
25,25.48,61.1,99.3,36.84,3.61,1,126.1,134.7,8647,470,0
25,24.84,58.8,98.6,36.4,6.32,3,114.3,936.0,5184,934,0
47,31.56,74.4,97.0,36.46,6.49,3,123.6,353.0,8030,715,0
54,17.79,68.4,97.6,36.44,3.69,3,129.2,628.2,6596,277,0
20,31.28,61.4,98.0,37.03,4.88,3,130.3,149.6,6376,669,0
60,24.83,66.2,98.9,36.59,2.32,2,134.3,688.5,3334,661,0
51,28.76,70.2,98.1,36.63,2.89,3,113.2,806.4,9931,509,1
18,20.94,56.6,99.2,36.45,4.72,4,107.6,144.8,3247,768,0
23,33.71,57.6,95.6,36.76,4.56,3,120.6,163.3,9377,470,0
46,33.28,67.1,97.5,37.07,2.76,3,105.9,302.9,9903,481,1
62,31.79,76.5,99.2,36.83,3.21,2,133.2,60.7,5601,1128,1
69,18.92,69.5,98.4,36.84,2.58,2,144.7,937.4,8820,363,0
44,31.11,61.5,95.9,36.81,5.32,1,128.2,588.5,7435,474,1
36,28.91,74.9,97.7,36.12,0.96,3,132.2,596.8,7639,202,0
78,18.45,50.0,95.6,36.29,2.68,3,126.6,913.1,1616,1005,0
46,26.67,64.2,99.4,36.53,1.15,3,118.6,798.8,2234,1017,0
37,28.7,64.1,98.2,36.35,5.25,2,121.4,782.8,1626,976,0
45,29.69,71.7,97.0,36.23,1.26,2,113.0,355.6,1271,243,0
18,27.72,68.4,98.6,35.94,4.56,3,100.7,351.4,8522,650,0
36,28.31,77.8,95.4,36.13,7.45,2,129.7,312.6,2578,421,0
49,34.46,68.9,96.3,36.51,7.51,1,139.6,362.0,1057,1099,1
74,33.18,80.6,96.8,36.58,1.25,2,123.8,382.6,9438,485,1
63,16.0,72.7,98.1,36.32,5.04,1,127.5,176.0,3508,599,0
66,25.15,60.7,95.2,36.63,2.72,1,124.4,370.4,8345,654,0
51,25.94,83.5,97.2,36.45,2.35,3,124.0,452.1,9643,1095,0
24,17.69,50.0,99.4,36.98,4.3,5,110.0,328.4,5707,1011,0
42,27.29,74.7,96.4,36.54,6.71,1,128.3,198.8,9339,1180,1
79,33.29,81.9,96.8,36.84,5.58,1,136.4,386.1,9718,616,1
20,21.15,64.5,98.6,36.67,3.21,3,120.5,482.8,2298,1180,0
72,28.55,68.3,98.7,36.11,5.77,3,132.9,698.7,2319,1254,1
60,22.04,77.1,97.1,36.57,0.5,2,127.3,690.1,4329,754,0
35,23.31,54.7,97.9,36.17,3.14,2,104.8,232.4,6031,979,0
66,34.48,72.6,97.8,36.56,3.02,3,153.4,83.0,8073,1309,1
69,23.98,67.9,95.7,36.34,4.64,2,130.2,323.4,2648,1207,1
20,29.2,59.2,98.3,36.73,4.13,3,119.2,191.4,2740,398,0
24,17.07,67.1,97.9,36.13,4.25,2,90.0,406.2,3757,1031,0
59,36.48,83.3,96.9,36.61,4.19,2,122.6,931.4,3442,642,1
79,29.93,75.0,97.6,36.8,4.54,1,145.6,213.0,9460,214,1
19,25.85,71.8,99.1,36.92,5.47,2,112.2,337.0,4563,536,0
59,29.79,71.1,96.6,36.33,4.77,3,107.0,702.6,8813,1408,1
26,19.47,55.5,98.5,36.61,3.99,3,117.7,508.3,1502,1379,0
58,32.95,71.4,98.7,36.66,5.22,2,122.5,89.5,1916,1132,1
56,25.12,68.4,96.6,37.14,5.99,2,135.9,195.5,8231,1426,1
23,25.74,58.5,98.6,36.08,3.5,3,109.8,891.7,3245,825,0
60,24.24,74.6,97.1,36.28,4.39,2,124.6,142.8,1743,1091,1
73,23.78,72.9,96.8,37.58,6.59,3,138.6,621.6,6349,238,1
71,30.41,63.9,95.3,36.5,2.52,1,121.8,763.1,2325,430,1
19,28.13,53.0,99.9,35.94,7.75,2,101.0,288.9,1552,249,0
33,30.19,70.3,97.3,36.4,2.09,3,115.3,702.6,4654,1350,0
32,26.75,59.2,99.2,35.63,3.88,3,122.8,202.9,5950,885,0
46,29.47,71.1,97.1,36.68,2.79,3,108.0,306.3,5745,1343,0
26,24.62,70.4,97.7,36.88,8.44,3,94.3,330.6,6259,599,0
70,38.39,68.8,97.8,36.28,3.59,1,144.2,946.8,1212,581,1
66,18.65,59.1,98.1,36.44,3.6,2,114.7,243.1,3618,973,0
68,33.36,90.5,97.1,36.92,3.83,1,127.8,166.3,4090,818,1
30,33.91,70.4,98.8,35.99,4.67,3,100.3,883.1,3637,536,0
18,22.37,59.0,98.3,36.14,3.91,3,99.8,195.7,6030,458,0
74,38.39,72.0,96.5,36.52,4.26,1,137.3,841.4,3061,738,1
35,31.98,63.7,97.3,36.34,0.5,3,128.5,635.4,6687,109,0
58,31.85,61.6,98.2,36.5,4.6,3,119.5,569.2,9420,271,1
74,26.95,81.2,96.2,36.16,4.53,2,145.9,726.2,6946,63,1
20,25.67,55.4,100.0,36.68,6.37,4,102.7,703.4,4499,224,0
18,25.71,70.1,98.2,36.55,6.86,4,102.1,149.5,4912,286,0
18,28.83,61.0,98.6,36.79,4.16,3,126.5,949.5,6266,109,0
27,34.09,60.8,98.8,36.67,5.97,2,120.0,897.7,7514,80,0
21,27.74,61.0,98.5,36.67,2.52,3,105.8,856.9,3713,1180,0
68,22.06,50.7,96.8,36.09,5.88,2,122.3,610.1,1345,263,0
55,31.09,69.5,97.4,36.77,3.47,3,139.1,520.5,7323,800,1
78,31.59,74.7,97.6,36.48,2.37,2,148.7,532.7,6953,142,1
67,30.2,80.6,96.4,36.54,4.17,2,121.0,63.4,1912,1363,1
77,30.68,62.6,96.6,36.97,7.02,1,132.6,499.5,6638,344,1
32,25.39,76.6,98.2,36.35,4.83,2,114.5,611.4,1644,1079,0
35,21.97,67.3,98.9,37.07,7.19,5,102.4,642.8,6787,923,0
70,22.29,82.1,96.9,37.11,3.15,2,124.1,348.9,7697,1107,0
33,18.3,64.9,99.9,36.86,6.39,2,109.0,474.2,1139,906,0
21,28.03,70.6,98.3,36.26,3.33,4,123.0,622.7,7539,733,0
59,26.37,59.9,97.1,35.83,4.91,2,135.8,435.5,2083,1112,1
67,24.51,76.0,96.9,36.98,4.89,3,121.9,915.9,3384,1174,1
78,16.0,65.2,95.4,36.64,5.69,2,121.0,684.9,7342,547,0
75,20.31,59.0,95.8,36.34,4.95,2,131.7,51.1,4195,1356,0
25,32.63,59.4,97.7,37.01,3.17,2,110.3,71.0,9792,1422,0
65,23.34,73.7,98.3,36.3,6.08,1,129.6,671.3,9614,1039,1
70,28.68,67.4,97.0,36.45,7.62,2,128.3,421.4,9881,1337,1
61,19.57,70.9,96.8,36.78,3.45,3,110.0,805.5,1938,152,0
68,34.28,58.9,98.1,36.21,1.2,3,122.8,205.7,2586,778,1
69,26.05,56.0,98.6,36.56,5.4,2,141.5,62.4,2648,937,1
45,28.31,83.1,99.0,36.98,3.9,1,118.6,399.3,6267,1335,1
20,38.89,76.8,97.2,36.67,4.26,2,135.2,712.5,4869,174,1
46,34.69,59.8,97.0,37.04,5.5,4,119.8,924.6,7711,1160,0
30,25.21,64.9,100.0,37.0,3.68,3,115.7,845.3,3538,112,0
25,23.72,73.9,98.6,36.6,4.02,2,133.9,485.7,2797,516,0
25,25.11,67.5,98.1,35.78,4.32,3,100.4,781.5,6840,998,0
61,29.45,76.1,98.0,36.21,7.15,1,107.6,113.3,6554,419,1
49,26.25,80.9,98.6,36.87,4.55,1,133.0,565.0,7214,1202,1
51,24.74,64.1,97.0,36.06,2.28,2,111.5,881.9,3808,1340,0
64,34.43,75.1,97.2,36.49,2.35,2,130.9,406.7,5736,229,1
51,26.21,72.3,98.5,36.72,4.75,1,114.9,914.1,9354,372,0
57,38.76,74.9,95.8,37.11,2.47,1,134.4,248.6,6500,107,1
23,27.27,61.4,98.4,36.4,1.69,3,102.2,145.1,9391,1022,0
70,36.08,78.8,95.6,36.37,5.64,1,132.6,522.3,4900,1276,1
45,28.66,68.5,96.8,36.58,5.73,3,124.9,866.5,1403,866,0
27,31.81,60.1,97.6,36.72,3.84,2,106.2,330.2,7842,191,0
68,23.03,76.4,97.5,36.55,5.03,3,117.5,770.1,5143,251,0
63,22.36,65.2,96.9,36.97,4.84,1,118.8,202.3,1378,51,0
21,29.19,61.1,97.8,36.32,5.58,4,98.1,721.0,2248,706,0
29,31.94,68.5,98.2,36.64,5.59,1,112.9,551.3,3815,1038,0
18,27.01,68.6,97.4,36.76,0.5,2,111.0,207.5,2718,216,0
34,20.11,50.0,98.5,36.46,4.07,3,106.6,696.3,7159,1220,0
24,19.73,67.5,99.5,36.89,5.43,4,104.1,692.4,6499,364,0
62,19.38,62.6,97.2,36.65,3.76,3,119.7,513.9,3966,741,0
50,17.61,75.4,97.4,36.88,4.57,3,107.9,252.9,1761,961,0
78,27.37,71.0,97.1,36.67,5.85,2,138.0,169.1,1706,777,1
64,32.65,75.9,95.0,36.73,4.65,1,144.2,911.5,9509,688,1
55,26.73,86.5,98.0,36.38,7.21,2,117.9,640.2,4104,485,1
49,16.0,64.8,100.0,36.38,6.53,2,117.8,778.3,1965,619,0
21,25.81,75.7,98.3,37.03,4.29,2,107.6,677.3,7402,344,0
22,25.95,64.3,98.3,36.82,4.14,3,114.1,796.5,8828,424,0
56,37.7,79.9,97.8,36.24,0.5,1,146.2,196.2,2097,1087,1
18,19.22,59.9,100.0,36.66,3.91,4,109.4,497.3,9503,1271,0
20,24.77,72.1,99.5,35.77,2.06,2,91.2,650.4,7520,1223,0
31,35.67,62.8,95.7,36.4,4.9,3,125.0,143.1,3268,477,0
72,29.14,68.6,97.5,36.94,4.78,1,142.5,185.0,7978,463,1
46,29.73,63.6,100.0,36.56,5.75,3,119.3,620.6,4779,84,1
61,27.4,73.1,97.9,36.64,7.01,2,135.1,831.8,6717,395,1
43,28.52,66.1,96.7,35.54,4.45,3,112.7,644.4,2142,843,0
28,30.84,74.0,98.5,36.46,8.6,2,101.1,82.6,3197,386,0
41,22.59,76.3,96.6,36.72,4.92,3,116.2,923.4,7960,1056,0
23,31.37,60.0,99.6,36.76,2.14,2,97.0,175.6,8246,73,0
65,19.66,64.7,96.2,36.94,3.49,2,118.7,259.3,1098,593,0
29,28.51,56.3,98.3,36.53,3.83,2,127.6,927.5,2929,405,0
41,27.73,85.6,97.0,36.54,5.57,2,99.3,743.9,6467,712,0
78,23.6,78.1,96.2,36.13,2.79,1,115.6,892.9,9151,37,1
54,26.68,76.8,99.0,36.53,3.96,1,111.9,776.0,7068,603,1
46,23.56,60.1,97.8,36.16,4.21,1,116.6,636.6,7359,1135,0
51,21.23,68.9,97.0,35.95,3.69,2,113.7,306.1,4497,1234,0
66,24.96,74.4,96.0,36.22,5.96,3,139.2,344.2,1492,369,1
33,21.06,64.1,96.2,37.13,5.65,2,120.4,902.5,7892,618,0
57,28.48,82.6,96.1,36.51,6.6,1,129.4,824.6,8192,994,1
72,20.82,86.4,97.1,36.68,3.9,4,125.8,373.5,4989,668,0
53,30.5,64.4,98.5,36.42,6.66,2,128.4,385.9,5557,782,0
45,20.66,57.7,97.2,35.97,2.04,3,106.2,317.9,3115,492,0
26,23.86,56.9,99.9,36.93,2.0,3,119.0,343.5,5073,1206,0
33,23.55,77.8,97.4,35.84,2.32,3,101.5,824.6,3177,909,0
76,33.69,86.7,96.4,36.41,4.52,1,143.1,59.5,4784,1382,1
51,28.52,70.0,96.5,36.58,6.66,2,134.3,442.4,2206,1123,1
36,25.7,70.3,99.0,36.68,3.42,1,117.3,898.6,6459,529,0
43,29.39,59.6,99.9,36.35,3.64,4,118.5,538.4,3227,472,0
53,16.0,76.8,95.7,35.96,4.11,1,118.4,455.4,7520,128,0
51,26.58,69.5,97.2,36.32,5.53,1,92.4,331.1,5659,896,0
61,37.19,75.1,98.2,36.34,3.64,1,135.0,116.5,9062,1079,1
33,27.49,75.0,96.7,36.33,3.54,1,114.3,252.0,2990,510,0
58,27.15,68.2,97.9,36.94,2.08,3,123.4,131.4,3456,31,1
45,29.65,64.7,99.0,36.18,3.47,4,128.2,164.0,3187,1188,0
76,31.46,77.8,96.8,36.71,6.62,1,132.5,197.2,6676,321,1
27,16.41,70.2,98.8,36.66,4.66,2,94.1,321.8,1961,838,0
27,18.05,79.5,100.0,36.94,3.17,1,105.3,59.9,7176,77,0
46,27.89,74.9,99.7,36.55,6.73,2,120.9,905.1,8370,91,0
49,23.08,75.6,97.6,36.88,3.45,2,119.1,161.4,7072,1293,0
60,33.62,74.4,96.6,36.54,7.06,1,130.8,394.8,2211,968,1
43,25.16,61.2,96.9,36.75,7.03,3,127.7,841.6,5436,8,0
74,16.74,74.3,97.9,36.07,4.6,3,111.4,145.9,5800,145,0
47,20.21,67.4,96.3,35.68,1.8,3,117.0,485.2,4518,710,0
26,16.0,50.2,98.1,36.73,8.62,3,117.8,810.3,5196,980,0
25,25.58,63.7,98.5,36.75,5.2,2,93.9,551.3,7860,611,0
78,25.82,73.7,96.3,36.77,3.92,2,131.8,239.3,8510,1256,1
26,24.59,60.1,98.6,36.42,6.22,3,105.1,712.0,3699,940,0
76,32.41,87.9,99.3,37.12,5.76,2,130.2,663.2,3968,884,1
35,33.03,71.9,97.8,36.44,6.86,3,110.9,376.0,2872,417,1
23,25.91,77.1,98.0,36.75,3.31,2,109.1,91.7,4615,982,0
36,16.0,67.2,99.0,36.81,5.07,2,126.8,57.1,5911,1258,0
56,30.01,75.0,97.7,37.2,2.37,1,112.6,792.9,7421,71,1
44,29.69,64.9,99.2,36.49,5.7,1,109.1,339.4,3408,1057,0
66,28.41,71.4,97.3,36.37,4.46,3,114.6,174.0,2946,1266,1
55,31.9,72.8,97.1,36.08,5.01,2,143.5,516.7,1299,623,1
42,20.74,52.5,96.1,37.14,4.24,4,109.2,878.7,1844,1103,0
57,37.25,70.3,95.4,36.75,4.05,2,130.4,57.6,1464,516,1
78,21.81,70.6,94.9,36.76,2.94,2,123.1,100.5,2866,278,0
43,30.7,71.9,98.2,37.69,5.92,3,111.7,425.3,7254,1175,0
27,18.03,66.0,96.9,36.71,7.18,3,104.3,658.4,7967,448,0
43,21.96,61.3,99.1,36.14,3.5,3,139.6,478.5,9757,1090,0
70,34.69,77.6,96.8,36.53,5.5,3,147.3,857.8,5905,454,1
31,25.44,63.7,97.9,36.26,5.28,3,104.7,89.7,5091,575,0
76,31.17,54.7,95.9,36.46,4.51,1,139.5,356.1,9093,986,1
54,28.03,67.5,98.1,36.46,1.75,2,114.8,366.2,2323,492,1
55,26.25,77.7,96.6,36.39,2.16,3,104.5,356.1,6671,1163,0
37,33.89,55.2,96.8,36.11,3.09,3,131.5,488.9,8361,56,0
75,25.57,74.7,98.0,37.16,0.65,2,140.3,761.5,5522,17,1
20,17.54,71.8,98.9,36.7,7.03,4,114.3,336.1,3352,118,0
36,22.62,63.0,97.8,36.52,5.16,1,108.3,720.0,6587,369,0
43,29.67,70.3,98.5,36.87,4.45,2,118.7,181.8,9959,78,0
47,28.86,60.2,97.7,36.76,0.56,2,128.7,554.7,3123,548,0
47,18.65,80.6,98.1,36.7,1.22,2,118.0,387.6,6068,36,0
27,23.03,59.2,97.5,36.84,4.5,5,106.2,535.3,1456,1089,0
31,23.78,65.1,100.0,36.65,8.05,3,95.9,147.0,3093,220,0
23,24.9,74.7,97.8,36.83,3.24,3,111.2,908.1,7902,1399,0
53,19.65,72.0,99.1,36.86,6.05,3,127.7,865.6,5463,1234,0
39,23.53,62.8,97.7,36.66,3.64,1,102.7,793.8,2792,1000,0
53,23.01,64.6,98.3,36.52,4.6,2,125.6,853.5,4018,1149,1
54,30.81,74.2,98.2,37.14,6.69,3,128.4,182.0,2088,1116,1
61,31.01,70.4,98.4,36.43,3.88,1,135.2,503.3,8014,1217,1
51,26.04,53.4,96.7,36.74,3.26,2,129.4,336.1,9484,800,1
58,24.76,68.6,98.4,36.74,7.05,3,115.3,848.6,1952,898,0
54,27.53,57.4,99.3,36.39,4.58,3,106.6,220.5,3141,675,0
58,22.55,81.3,97.1,36.32,6.46,3,115.4,248.0,8712,899,0
56,20.84,71.0,97.5,36.48,3.27,2,127.7,668.0,8907,549,0
37,21.91,57.8,97.5,36.43,7.03,3,107.5,130.0,7905,179,0
33,23.5,61.3,97.8,36.09,4.99,2,105.7,709.1,7434,1340,0
66,20.75,57.9,98.8,36.37,5.28,1,104.0,291.3,8751,1006,0
39,27.64,60.2,96.9,36.69,4.74,2,135.1,644.8,4360,1015,0
52,30.59,80.0,96.6,37.04,3.59,2,132.5,835.7,9054,403,1
30,18.55,82.8,99.8,36.79,4.5,2,115.8,598.7,8978,1110,0
44,26.93,77.4,98.4,35.69,3.7,1,128.5,241.4,3067,748,1
50,25.66,67.4,99.7,36.82,6.23,3,125.8,94.2,1656,111,0
56,28.58,68.4,97.0,36.4,4.13,2,121.8,90.2,5688,1374,1
50,26.73,58.8,97.7,36.76,1.81,4,119.2,129.9,7823,1428,0
40,19.24,83.2,97.2,36.6,1.48,2,107.8,571.8,8648,1253,0
77,20.24,71.0,96.9,36.53,1.39,2,152.1,363.4,2281,684,0
49,26.95,85.3,95.9,36.56,5.61,3,126.2,268.8,4396,336,0
68,32.15,85.9,97.6,36.59,2.43,2,126.3,247.4,7909,16,1
63,16.0,53.2,97.5,37.07,5.04,3,122.5,903.7,1543,1061,0
52,28.6,64.0,97.5,36.59,4.75,3,112.7,156.9,7505,1283,1
72,32.99,70.2,96.4,36.98,4.38,2,147.9,324.3,3624,150,1
25,26.0,63.8,97.5,36.93,5.29,3,104.9,474.3,1201,985,0
75,29.66,76.6,97.6,36.83,4.78,1,136.6,50.4,3177,39,1
70,23.14,98.3,95.8,35.97,0.5,1,136.0,878.9,7675,1118,1
49,26.18,61.5,98.1,36.99,3.92,2,123.9,139.2,8829,41,1
63,18.37,71.7,99.3,36.44,5.27,2,120.5,664.2,1731,1404,0
50,16.0,72.1,99.1,36.85,7.45,2,113.4,616.0,5174,245,0
34,31.7,67.5,96.5,36.26,7.54,3,118.1,778.2,2810,577,0
67,21.68,70.3,96.6,36.19,2.05,3,117.5,636.2,7151,1001,0
33,24.43,58.8,98.5,37.29,3.87,2,108.8,742.4,8025,1218,0
37,19.59,65.2,97.9,36.27,1.68,3,126.1,429.1,9658,523,0
50,19.47,72.3,96.2,37.0,7.24,2,114.6,489.8,4193,1411,0
69,25.9,75.6,97.4,36.64,6.32,2,119.0,681.5,3692,23,1
41,23.01,72.5,97.9,36.45,5.13,2,109.9,561.6,3788,679,0
48,28.77,80.0,99.6,36.58,4.8,3,132.5,510.4,7850,1422,1
20,29.15,74.1,98.2,36.14,6.99,2,118.8,235.0,5005,395,0
25,28.47,63.8,99.5,36.6,6.68,4,118.9,282.3,1204,768,0
21,28.04,55.1,97.2,36.22,6.58,3,109.0,372.6,9527,640,0
22,35.0,63.9,97.2,36.46,5.32,2,122.5,58.4,1936,567,0
71,21.25,72.2,97.7,36.92,3.87,1,117.9,425.6,9352,1105,0
70,26.51,75.4,98.1,36.69,5.88,2,125.1,52.5,2456,747,1
68,32.69,71.1,96.0,36.08,5.97,2,141.0,558.5,5842,1028,1
21,33.38,58.6,98.3,36.9,4.16,3,124.1,683.6,3811,749,0
22,19.41,50.0,97.1,36.6,3.87,5,96.1,555.9,7180,1436,0
35,25.18,50.5,97.9,36.41,6.54,4,105.9,674.2,4626,677,0
53,33.86,71.1,98.2,36.86,7.5,2,127.9,50.0,4305,1146,1
38,29.44,57.7,97.5,36.54,3.15,2,135.8,103.5,5292,883,0
48,27.82,60.4,97.4,36.19,4.03,3,101.7,678.6,9736,1154,1
28,25.67,63.6,97.1,37.25,5.13,2,115.2,772.6,3207,1275,0
63,24.8,59.1,96.6,36.59,5.38,3,110.3,695.9,2977,326,0
37,28.3,70.0,99.7,36.57,3.56,3,111.0,646.7,1595,435,0
22,25.49,69.8,98.5,36.46,7.89,3,106.5,686.6,7647,434,0
64,26.58,66.1,96.2,37.01,5.26,3,121.4,715.6,7097,701,1
73,27.21,68.5,96.6,36.42,5.46,3,123.9,701.9,6478,708,1
18,23.27,66.9,97.0,36.06,7.67,3,107.3,714.2,1212,6,0
45,29.57,64.8,96.7,36.36,3.69,2,115.7,116.6,8114,1289,0
69,41.95,69.6,97.8,37.06,4.34,3,123.5,106.9,8284,1238,1
61,17.56,76.9,97.1,36.89,2.24,3,126.0,375.0,9504,865,0
71,28.48,81.2,98.9,36.51,4.19,2,136.9,524.8,9361,441,1
43,22.85,71.0,97.7,37.08,1.82,3,124.1,736.4,3368,1190,0
41,29.8,75.4,97.8,36.86,5.85,3,104.4,351.2,7392,391,1
61,27.04,56.3,97.9,36.51,5.26,2,127.9,297.6,4623,441,1
27,30.76,79.0,95.6,36.54,4.0,2,122.3,753.3,6363,1436,0
32,32.91,74.7,98.2,36.72,4.32,1,108.5,274.4,3992,1330,0
55,27.8,81.6,97.4,36.31,5.87,1,123.4,788.8,6912,841,0
59,32.69,78.7,98.7,36.6,2.46,1,127.0,209.4,9573,244,1
25,16.0,61.8,99.3,36.71,4.87,3,123.0,373.5,6869,178,0
49,35.07,68.6,96.2,36.01,5.76,3,145.5,411.0,9286,1388,1
40,28.75,72.5,99.1,36.53,1.29,2,102.1,319.6,9384,383,0
49,32.4,69.5,97.2,36.49,5.73,2,149.4,53.0,2069,981,1
77,20.46,81.5,95.9,36.96,1.49,1,116.7,262.0,9677,509,0
22,22.48,50.3,98.6,35.95,4.29,3,117.8,353.9,8363,715,0
79,27.56,70.7,96.5,36.47,2.41,2,141.2,332.3,4839,1419,1
45,26.71,84.0,99.3,36.43,7.08,3,109.1,757.0,6400,854,1
65,28.27,70.1,97.5,36.94,2.42,1,132.1,92.6,6553,620,1
44,32.44,69.3,97.9,36.58,1.53,2,121.6,400.1,8076,599,0
37,17.62,52.7,98.9,37.23,4.74,5,115.4,83.8,8224,332,0
65,31.86,76.9,98.1,36.83,3.76,2,132.0,887.6,1921,801,1
60,26.84,66.1,98.1,36.46,1.79,2,136.4,761.2,1009,820,0
26,25.74,63.0,99.7,36.68,5.45,3,112.5,933.9,3218,137,0
61,19.15,76.6,97.9,36.48,0.92,2,117.7,869.1,5742,583,0
64,29.42,67.7,97.3,36.9,2.63,2,138.6,334.2,8641,928,1
42,16.0,70.3,99.1,36.13,3.46,3,116.3,672.4,6875,80,0
75,30.17,83.8,96.8,36.31,5.94,1,139.3,325.9,2222,1405,1
57,19.04,77.6,97.4,36.76,6.83,2,111.2,849.4,7454,1239,0
38,27.08,69.8,99.7,37.03,6.49,2,106.4,419.7,5213,917,0
18,26.18,89.4,100.0,35.83,4.22,3,103.5,388.3,4318,23,0
59,32.88,84.1,97.2,37.08,0.5,1,122.1,872.7,7944,746,1
30,25.87,67.8,97.7,36.55,5.2,3,121.1,803.1,3660,1293,0
64,23.19,64.4,98.6,35.94,7.15,2,133.0,919.8,6567,33,1
50,24.17,66.9,98.4,35.55,6.72,3,117.5,109.8,2639,1140,0
46,33.42,83.2,97.9,36.06,5.33,2,138.4,269.0,4433,1208,1
28,29.59,79.7,97.9,36.59,2.36,3,128.8,320.8,6019,110,0
62,24.79,83.5,97.6,36.58,3.55,2,126.1,431.9,6610,332,1
28,25.57,71.1,98.2,36.82,7.98,3,104.1,475.8,9272,1042,0
43,18.65,54.9,97.1,36.41,1.95,3,128.5,312.3,3612,1312,0
69,28.82,75.8,97.2,36.21,2.43,3,128.3,761.4,9062,1110,1
75,17.65,59.5,97.1,36.46,6.2,3,124.5,250.9,8348,757,0
79,30.71,64.1,96.3,36.61,3.72,2,130.4,676.9,4239,867,1
77,27.47,76.6,97.7,36.68,2.37,2,121.9,816.6,2260,756,1
52,39.21,78.6,98.4,36.32,7.25,2,115.6,593.3,3320,832,1
30,21.08,69.0,99.2,36.92,5.33,4,116.2,368.7,6919,1109,0
70,26.27,79.3,96.7,36.38,3.81,1,119.7,219.1,8098,72,1
67,36.15,82.0,97.5,36.3,2.44,1,164.0,170.9,6509,302,1
79,33.0,68.8,96.7,36.41,8.19,2,124.5,719.8,7524,86,1
58,23.18,67.7,96.1,36.98,4.46,3,108.6,472.2,1915,1146,0
26,27.96,55.1,99.0,36.55,7.02,2,118.4,91.7,5547,1047,0
49,26.81,54.3,97.8,36.36,6.11,2,135.8,935.5,8863,77,1
45,28.27,76.1,100.0,36.92,3.56,2,120.8,654.2,4500,152,1
70,23.17,68.3,98.5,37.35,3.58,1,131.0,809.8,9089,382,1
42,26.34,76.1,98.6,36.67,7.1,2,99.3,444.4,2114,349,0
38,18.49,73.0,98.2,37.03,7.13,3,104.1,909.9,9807,748,0
22,27.5,59.5,98.6,36.96,1.12,3,100.8,229.6,8065,718,0
69,29.14,76.7,96.0,36.39,5.49,3,110.2,216.6,6635,515,1
64,25.62,68.9,95.4,36.61,4.28,1,126.1,851.3,6556,237,1
20,18.4,50.0,97.6,36.15,2.64,3,90.0,852.5,9426,935,0
44,31.94,74.1,97.6,36.53,4.97,1,109.1,499.1,4391,1137,1
47,28.7,66.8,95.6,36.38,2.07,2,115.8,163.2,2484,922,0
47,23.02,65.3,97.1,36.46,3.66,2,108.9,324.7,9268,1162,0
74,25.34,91.4,96.6,36.34,3.06,1,132.2,728.7,1924,1316,1
27,19.0,50.0,98.1,36.5,3.6,4,110.4,811.4,6936,1212,0
36,21.47,67.8,97.4,36.79,4.37,3,121.2,362.9,3393,938,0
29,24.0,56.5,97.9,36.56,2.67,3,119.1,105.1,9362,72,0
33,33.19,77.1,99.7,35.95,7.33,2,130.8,649.2,9762,482,1
74,23.47,73.4,97.5,36.34,5.39,3,126.9,715.5,5269,616,1
76,30.13,78.4,96.3,36.07,7.73,2,135.3,431.6,5798,1026,1
20,24.0,57.5,98.4,36.69,4.21,2,113.5,574.8,5091,1219,0
57,28.09,67.8,97.4,36.78,3.51,1,125.6,938.6,4826,922,1
32,26.06,74.9,97.4,36.69,7.67,2,110.1,270.5,9434,523,0
29,31.34,80.8,97.4,36.32,3.46,3,113.4,565.7,3583,1134,0
36,24.02,65.3,99.0,36.69,4.18,5,105.8,599.9,9637,1002,0
30,18.62,55.8,97.8,36.44,5.8,3,112.4,544.2,6853,1149,0
48,19.61,70.7,96.6,36.2,2.27,2,114.2,832.2,9645,848,0
79,24.03,95.4,96.7,36.86,5.78,1,122.4,594.5,6508,931,1
54,20.3,67.9,97.6,36.89,5.55,3,111.1,507.1,8369,500,0
62,28.93,86.6,95.3,36.93,6.78,1,114.4,160.7,5409,576,1
48,24.38,61.5,97.6,36.39,6.1,3,128.3,682.9,5161,398,0
18,39.15,67.0,99.0,37.01,6.84,3,119.1,168.9,3317,370,0
23,17.76,64.6,98.9,36.43,4.3,4,96.5,73.9,2892,940,0
34,27.86,71.5,100.0,36.83,2.95,2,124.1,489.7,1339,553,0
33,20.93,58.0,99.4,36.42,8.3,3,105.2,565.2,4450,193,0
70,24.23,66.2,98.4,36.52,1.75,2,112.0,949.1,9888,51,0
70,27.54,83.6,99.8,35.75,1.93,1,138.6,691.1,9443,1238,1
70,16.0,75.7,97.8,36.49,5.52,4,114.9,813.7,7211,627,0
57,28.03,84.0,97.6,36.63,7.42,2,120.1,361.7,4271,830,1
52,36.7,88.1,98.2,36.46,4.84,2,128.9,508.0,5682,1303,1
58,24.44,74.0,96.8,37.21,6.3,1,133.4,926.8,7809,161,1
43,28.15,65.3,97.9,36.19,0.91,3,119.6,425.6,1018,1349,0
59,32.13,82.2,96.6,36.4,3.6,3,115.7,776.6,9306,1013,1
67,25.95,78.4,97.5,36.28,1.13,2,131.7,523.4,8833,922,0
65,23.78,61.9,96.5,36.4,5.9,3,119.1,251.6,9732,621,0
56,16.0,57.8,96.7,36.96,1.71,3,134.3,572.4,1849,1017,0
21,30.13,71.0,98.9,37.12,2.2,2,113.0,246.3,9528,294,0
62,26.21,68.6,97.1,36.35,5.43,3,102.3,52.7,6520,435,0
40,21.53,67.1,96.0,36.35,6.41,2,117.2,262.3,5994,1383,0
64,27.46,81.3,95.7,36.2,4.21,2,145.7,223.8,2615,397,1
51,23.76,73.8,96.4,37.06,5.53,3,134.8,383.8,5426,1036,0
72,24.05,81.6,96.1,36.99,5.47,3,144.9,849.7,4269,1339,1
38,29.95,54.1,98.4,36.56,4.11,2,108.7,399.1,9887,854,0
75,19.84,76.1,97.1,36.11,2.53,1,133.9,810.7,4057,429,0
70,32.25,82.6,98.0,36.14,5.52,1,124.5,550.1,2963,1222,1
38,19.53,52.2,98.7,36.66,5.6,3,113.8,56.9,9516,1189,0
47,23.35,63.7,98.8,36.79,6.11,2,104.7,219.9,2687,783,0
50,36.8,66.7,97.9,35.88,5.06,2,121.4,888.2,9139,166,1
65,32.66,74.6,97.2,36.49,2.4,2,123.5,593.8,9667,636,1
60,27.31,85.1,98.4,37.17,5.74,2,133.7,886.6,3765,622,1
70,21.91,86.2,97.9,36.52,4.5,3,132.4,329.1,7202,273,0
40,24.05,61.6,98.3,37.12,3.63,2,118.2,694.9,8169,579,0
49,27.18,74.6,98.9,36.83,3.97,2,107.3,744.8,5826,221,1
44,27.0,74.1,95.4,36.22,3.26,2,115.8,928.1,7272,997,0
74,26.33,75.0,96.6,36.5,6.1,3,121.5,66.4,2188,622,1
36,26.64,71.5,97.7,36.55,1.95,2,124.5,907.0,5643,1052,0
54,25.69,71.1,98.6,36.27,2.71,3,133.3,402.4,5618,657,1
25,19.3,75.9,99.9,36.26,3.91,3,117.4,804.2,6097,1028,0
70,24.11,83.5,95.5,37.13,7.4,1,118.4,540.2,9497,1056,1
41,31.56,62.0,99.2,36.26,6.4,2,93.6,558.2,8421,231,0
39,19.68,69.0,96.8,36.98,1.55,4,94.4,373.4,6425,637,0
54,25.81,77.9,96.3,36.45,6.93,2,135.8,795.6,4629,1080,1
48,22.54,71.4,97.4,36.59,6.93,2,113.2,287.6,4641,854,0
70,27.38,82.7,96.7,36.8,2.39,2,120.8,493.0,1181,319,1
50,24.78,71.3,96.0,36.39,0.5,2,135.9,554.2,5959,1198,0
50,34.48,68.3,98.0,36.8,4.37,5,138.9,718.3,3271,288,0
24,29.43,66.3,99.1,35.88,6.52,3,113.8,474.5,8974,1430,0
19,19.98,50.0,99.6,36.75,7.36,3,102.3,662.3,7961,1018,0
42,30.29,67.6,97.4,35.74,2.93,3,119.2,486.8,9214,465,0
79,22.77,70.2,96.7,36.52,7.65,1,130.5,643.4,9961,280,1
74,23.8,63.6,96.8,36.9,0.5,2,143.2,656.7,4600,1298,1
56,28.43,79.3,99.1,36.82,3.84,4,128.3,688.5,4855,754,0
57,24.24,74.8,94.6,36.15,3.75,2,128.8,791.0,6471,1160,1
42,31.44,72.4,96.8,36.19,6.57,1,133.0,536.7,4874,1197,1
29,22.77,59.6,98.2,36.36,6.84,3,99.0,224.0,3512,98,0
18,23.58,63.0,97.5,36.67,6.22,4,115.0,661.7,7363,984,0
39,23.39,73.7,97.7,35.89,2.07,3,111.7,119.4,5059,481,0
37,23.86,61.0,97.9,36.6,6.05,2,90.0,247.1,9475,1307,0
29,32.52,69.0,97.4,36.71,5.42,2,96.2,762.9,2978,316,0
34,30.07,76.0,98.1,36.5,1.49,2,107.4,441.6,4993,49,0
19,35.69,51.0,98.9,36.78,0.78,3,121.5,498.2,5782,957,0
55,38.59,72.3,96.8,36.68,6.37,3,132.0,938.7,9169,795,1
75,21.44,67.1,96.4,36.41,4.18,3,127.7,261.7,6203,800,0
60,27.17,71.0,97.1,35.92,2.19,2,144.1,67.6,1621,379,1
45,20.68,63.8,97.7,36.65,4.13,2,102.1,150.2,4040,713,0
44,22.76,69.4,96.0,36.27,5.16,2,115.7,270.1,8973,1388,0
37,23.52,80.9,98.5,36.4,4.35,3,117.1,703.3,3448,1099,0
26,21.3,62.6,97.9,36.77,1.71,2,101.2,748.2,4065,1418,0
55,21.33,71.9,98.7,37.1,7.89,2,119.1,558.9,2359,480,0
53,26.05,84.6,98.1,36.59,6.31,3,105.4,279.5,7473,1253,0
18,20.47,59.3,99.7,36.79,3.9,2,119.3,519.6,2255,551,0
43,31.18,87.2,96.7,36.09,3.97,1,114.7,63.5,4309,1347,1
35,22.03,64.8,97.7,36.69,5.15,3,132.6,663.6,7402,1246,0
28,41.41,83.8,96.4,36.58,2.47,3,123.1,602.9,9058,237,1
61,24.45,75.4,96.6,37.03,5.08,3,133.3,69.6,2994,1400,1
50,27.17,71.0,98.9,36.41,2.1,3,120.6,785.3,3989,875,0
57,20.06,68.9,98.9,36.52,4.37,2,118.3,737.1,2061,1118,0
62,35.67,71.9,95.8,36.97,2.4,1,125.4,327.4,4940,834,1
78,32.62,79.0,96.2,36.57,2.49,1,135.9,621.8,9988,313,1
67,28.34,82.6,97.0,36.21,7.46,1,131.1,591.3,3737,1418,1
56,19.8,67.1,98.0,37.49,4.61,3,110.2,178.9,3338,163,0
